datum,vorhergesagter verbrauch
2015-01-01,128756
2015-01-02,130144
2015-01-03,150632
2015-01-04,137251
2015-01-05,126197
2015-01-06,147085
2015-01-07,141426
2015-01-08,132446
2015-01-09,152610
2015-01-10,141426
2015-01-11,132446
2015-01-12,190395
2015-01-13,140474
2015-01-14,190395
2015-01-15,190395
2015-01-16,186902
2015-01-17,150311
2015-01-18,140493
2015-01-19,194573
2015-01-20,196391
2015-01-21,198853
2015-01-22,198241
2015-01-23,194680
2015-01-24,161724
2015-01-25,143315
2015-01-26,200367
2015-01-27,206560
2015-01-28,208345
2015-01-29,206560
2015-01-30,203941
2015-01-31,165210
2015-02-01,147031
2015-02-02,203718
2015-02-03,206391
2015-02-04,205776
2015-02-05,202524
2015-02-06,199673
2015-02-07,161846
2015-02-08,146048
2015-02-09,146048
2015-02-10,206732
2015-02-11,210222
2015-02-12,208601
2015-02-13,206607
2015-02-14,161846
2015-02-15,150782
2015-02-16,204605
2015-02-17,206257
2015-02-18,205914
2015-02-19,202478
2015-02-20,197656
2015-02-21,158153
2015-02-22,143733
2015-02-23,190642
2015-02-24,198623
2015-02-25,204060
2015-02-26,200654
2015-02-27,193769
2015-02-28,157162
2015-03-01,141683
2015-03-02,197856
2015-03-03,199650
2015-03-04,157049
2015-03-05,138501
2015-03-06,197791
2015-03-07,157049
2015-03-08,138501
2015-03-09,197791
2015-03-10,197452
2015-03-11,197791
2015-03-12,197014
2015-03-13,191946
2015-03-14,192527
2015-03-15,191323
2015-03-16,191798
2015-03-17,189559
2015-03-18,191323
2015-03-19,191798
2015-03-20,189559
2015-03-21,153521
2015-03-22,134898
2015-03-23,186802
2015-03-24,190013
2015-03-25,187877
2015-03-26,184548
2015-03-27,183316
2015-03-28,149518
2015-03-29,130016
2015-03-30,188300
2015-03-31,191770
2015-04-01,190370
2015-04-02,192763
2015-04-03,188168
2015-04-04,148211
2015-04-05,132688
2015-04-06,132688
2015-04-07,187125
2015-04-08,190296
2015-04-09,187682
2015-04-10,178392
2015-04-11,178392
2015-04-12,182512
2015-04-13,181302
2015-04-14,176063
2015-04-15,140732
2015-04-16,176063
2015-04-17,176063
2015-04-18,140732
2015-04-19,121770
2015-04-20,184380
2015-04-21,184380
2015-04-22,184585
2015-04-23,183475
2015-04-24,179708
2015-04-25,141501
2015-04-26,123998
2015-04-27,178908
2015-04-28,185111
2015-04-29,181974
2015-04-30,180038
2015-05-01,123884
2015-05-02,186456
2015-05-03,123884
2015-05-04,123884
2015-05-05,186456
2015-05-06,183270
2015-05-07,186456
2015-05-08,179645
2015-05-09,128335
2015-05-10,121561
2015-05-11,177291
2015-05-12,182274
2015-05-13,137274
2015-05-14,118388
2015-05-15,177437
2015-05-16,137274
2015-05-17,118388
2015-05-18,118388
2015-05-19,182692
2015-05-20,177599
2015-05-21,127806
2015-05-22,149510
2015-05-23,132957
2015-05-24,116950
2015-05-25,111108
2015-05-26,179998
2015-05-27,174622
2015-05-28,176260
2015-05-29,171947
2015-05-30,132703
2015-05-31,109188
2015-06-01,173898
2015-06-02,167309
2015-06-03,174622
2015-06-04,116523
2015-06-05,136442
2015-06-06,116523
2015-06-07,116523
2015-06-08,173064
2015-06-09,178248
2015-06-10,176581
2015-06-11,129946
2015-06-12,155627
2015-06-13,138983
2015-06-14,121601
2015-06-15,177773
2015-06-16,180676
2015-06-17,182509
2015-06-18,183689
2015-06-19,182420
2015-06-20,141727
2015-06-21,122858
2015-06-22,176713
2015-06-23,181619
2015-06-24,180587
2015-06-25,179869
2015-06-26,175842
2015-06-27,138571
2015-06-28,120039
2015-06-29,174359
2015-06-30,179550
2015-07-01,178495
2015-07-02,178106
2015-07-03,175728
2015-07-04,138717
2015-07-05,118909
2015-07-06,177112
2015-07-07,189331
2015-07-08,147992
2015-07-09,131570
2015-07-10,185744
2015-07-11,147992
2015-07-12,131570
2015-07-13,185744
2015-07-14,192788
2015-07-15,186650
2015-07-16,181851
2015-07-17,176994
2015-07-18,185358
2015-07-19,188191
2015-07-20,190242
2015-07-21,187920
2015-07-22,188191
2015-07-23,190242
2015-07-24,187920
2015-07-25,144639
2015-07-26,126568
2015-07-27,183832
2015-07-28,192906
2015-07-29,194199
2015-07-30,188396
2015-07-31,184137
2015-08-01,144530
2015-08-02,122797
2015-08-03,175830
2015-08-04,182962
2015-08-05,180404
2015-08-06,177664
2015-08-07,172938
2015-08-08,136658
2015-08-09,119570
2015-08-10,171632
2015-08-11,177140
2015-08-12,175276
2015-08-13,177711
2015-08-14,174470
2015-08-15,141594
2015-08-16,123306
2015-08-17,168015
2015-08-18,171157
2015-08-19,131705
2015-08-20,114983
2015-08-21,159835
2015-08-22,131705
2015-08-23,114983
2015-08-24,159835
2015-08-25,163828
2015-08-26,163697
2015-08-27,163211
2015-08-28,161829
2015-08-29,131276
2015-08-30,117698
2015-08-31,168015
2015-09-01,170370
2015-09-02,174695
2015-09-03,177897
2015-09-04,174320
2015-09-05,174320
2015-09-06,124272
2015-09-07,177897
2015-09-08,182334
2015-09-09,177067
2015-09-10,175167
2015-09-11,171518
2015-09-12,135455
2015-09-13,120813
2015-09-14,172229
2015-09-15,178903
2015-09-16,178604
2015-09-17,177504
2015-09-18,174622
2015-09-19,140057
2015-09-20,122205
2015-09-21,176677
2015-09-22,182537
2015-09-23,184302
2015-09-24,182978
2015-09-25,176762
2015-09-26,139563
2015-09-27,122944
2015-09-28,178084
2015-09-29,184401
2015-09-30,185656
2015-10-01,183370
2015-10-02,177160
2015-10-03,139890
2015-10-04,123711
2015-10-05,175671
2015-10-06,181546
2015-10-07,182182
2015-10-08,180505
2015-10-09,177090
2015-10-10,126716
2015-10-11,122215
2015-10-12,178403
2015-10-13,186538
2015-10-14,184810
2015-10-15,182579
2015-10-16,179228
2015-10-17,144169
2015-10-18,127624
2015-10-19,183504
2015-10-20,190583
2015-10-21,192127
2015-10-22,191383
2015-10-23,188929
2015-10-24,193467
2015-10-25,137681
2015-10-26,185723
2015-10-27,193467
2015-10-28,193467
2015-10-29,192304
2015-10-30,189784
2015-10-31,149881
2015-11-01,133059
2015-11-02,149881
2015-11-03,189547
2015-11-04,196930
2015-11-05,193817
2015-11-06,191307
2015-11-07,152588
2015-11-08,135021
2015-11-09,189777
2015-11-10,197739
2015-11-11,192758
2015-11-12,190929
2015-11-13,185725
2015-11-14,148514
2015-11-15,131307
2015-11-16,187338
2015-11-17,192997
2015-11-18,191574
2015-11-19,191304
2015-11-20,189633
2015-11-21,151075
2015-11-22,134499
2015-11-23,188515
2015-11-24,195265
2015-11-25,154389
2015-11-26,141290
2015-11-27,196765
2015-11-28,154389
2015-11-29,141290
2015-11-30,196765
2015-12-01,204946
2015-12-02,204388
2015-12-03,202442
2015-12-04,199905
2015-12-05,201393
2015-12-06,199765
2015-12-07,195670
2015-12-08,199652
2015-12-09,199765
2015-12-10,199652
2015-12-11,197671
2015-12-12,156059
2015-12-13,139060
2015-12-14,139060
2015-12-15,203358
2015-12-16,202303
2015-12-17,202303
2015-12-18,196854
2015-12-19,155050
2015-12-20,140974
2015-12-21,195912
2015-12-22,199737
2015-12-23,145909
2015-12-24,198947
2015-12-25,164036
2015-12-26,131500
2015-12-27,122319
2015-12-28,153224
2015-12-29,164036
2015-12-30,153224
2015-12-31,122319
2016-01-01,108698
2016-01-02,114963
2016-01-03,111921
2016-01-04,129888
2016-01-05,144444
2016-01-06,119069
2016-01-07,151814
2016-01-08,155627
2016-01-09,145909
2016-01-10,131500
2016-01-11,195912
2016-01-12,199737
2016-01-13,166888
2016-01-14,183863
2016-01-15,183863
2016-01-16,142917
2016-01-17,127394
2016-01-18,183863
2016-01-19,192538
2016-01-20,198704
2016-01-21,197498
2016-01-22,197214
2016-01-23,160891
2016-01-24,146484
2016-01-25,204101
2016-01-26,212095
2016-01-27,209692
2016-01-28,205945
2016-01-29,206188
2016-01-30,163609
2016-01-31,142203
2016-02-01,193112
2016-02-02,186602
2016-02-03,194638
2016-02-04,195233
2016-02-05,192398
2016-02-06,152946
2016-02-07,137305
2016-02-08,188437
2016-02-09,192398
2016-02-10,201405
2016-02-11,197973
2016-02-12,190310
2016-02-13,152436
2016-02-14,136844
2016-02-15,181029
2016-02-16,188331
2016-02-17,196260
2016-02-18,195040
2016-02-19,190276
2016-02-20,152036
2016-02-21,134729
2016-02-22,194338
2016-02-23,194338
2016-02-24,203088
2016-02-25,195457
2016-02-26,196714
2016-02-27,158607
2016-02-28,134496
2016-02-29,184232
2016-03-01,197372
2016-03-02,197758
2016-03-03,197360
2016-03-04,191670
2016-03-05,153153
2016-03-06,136774
2016-03-07,195230
2016-03-08,197030
2016-03-09,198469
2016-03-10,196923
2016-03-11,193404
2016-03-12,155553
2016-03-13,138828
2016-03-14,191989
2016-03-15,201369
2016-03-16,201369
2016-03-17,192619
2016-03-18,191458
2016-03-19,154467
2016-03-20,136727
2016-03-21,189314
2016-03-22,195553
2016-03-23,153964
2016-03-24,191223
2016-03-25,134958
2016-03-26,134958
2016-03-27,130023
2016-03-28,134958
2016-03-29,188328
2016-03-30,188328
2016-03-31,191177
2016-04-01,185819
2016-04-02,132978
2016-04-03,132978
2016-04-04,186535
2016-04-05,186535
2016-04-06,186535
2016-04-07,184436
2016-04-08,184436
2016-04-09,146448
2016-04-10,146448
2016-04-11,125100
2016-04-12,178793
2016-04-13,184123
2016-04-14,184123
2016-04-15,181908
2016-04-16,145610
2016-04-17,125073
2016-04-18,179104
2016-04-19,185971
2016-04-20,185943
2016-04-21,183119
2016-04-22,179783
2016-04-23,143175
2016-04-24,130345
2016-04-25,183223
2016-04-26,184027
2016-04-27,183893
2016-04-28,183073
2016-04-29,177270
2016-04-30,143307
2016-05-01,128183
2016-05-02,182659
2016-05-03,190905
2016-05-04,189502
2016-05-05,117839
2016-05-06,142258
2016-05-07,182296
2016-05-08,177931
2016-05-09,127973
2016-05-10,148437
2016-05-11,177931
2016-05-12,173816
2016-05-13,177931
2016-05-14,131665
2016-05-15,116820
2016-05-16,116820
2016-05-17,179566
2016-05-18,180884
2016-05-19,180884
2016-05-20,177660
2016-05-21,138301
2016-05-22,116274
2016-05-23,169792
2016-05-24,169792
2016-05-25,176510
2016-05-26,127973
2016-05-27,148437
2016-05-28,135867
2016-05-29,119702
2016-05-30,174290
2016-05-31,180520
2016-06-01,171399
2016-06-02,126059
2016-06-03,171973
2016-06-04,138301
2016-06-05,119528
2016-06-06,171973
2016-06-07,178151
2016-06-08,137142
2016-06-09,120150
2016-06-10,174992
2016-06-11,137142
2016-06-12,120150
2016-06-13,174992
2016-06-14,181926
2016-06-15,182298
2016-06-16,178690
2016-06-17,174257
2016-06-18,137344
2016-06-19,120739
2016-06-20,174240
2016-06-21,181926
2016-06-22,178837
2016-06-23,180250
2016-06-24,173713
2016-06-25,136503
2016-06-26,119714
2016-06-27,171970
2016-06-28,176952
2016-06-29,181780
2016-06-30,185418
2016-07-01,181511
2016-07-02,139711
2016-07-03,119531
2016-07-04,172734
2016-07-05,179295
2016-07-06,180676
2016-07-07,181960
2016-07-08,178434
2016-07-09,139916
2016-07-10,119713
2016-07-11,172591
2016-07-12,175099
2016-07-13,174750
2016-07-14,175770
2016-07-15,174403
2016-07-16,138255
2016-07-17,125311
2016-07-18,179238
2016-07-19,186217
2016-07-20,177719
2016-07-21,175100
2016-07-22,171920
2016-07-23,135545
2016-07-24,119772
2016-07-25,179767
2016-07-26,185537
2016-07-27,188204
2016-07-28,184151
2016-07-29,179898
2016-07-30,138114
2016-07-31,120678
2016-08-01,175299
2016-08-02,179485
2016-08-03,177667
2016-08-04,173307
2016-08-05,168305
2016-08-06,135707
2016-08-07,117218
2016-08-08,162131
2016-08-09,166770
2016-08-10,167844
2016-08-11,167459
2016-08-12,160804
2016-08-13,126980
2016-08-14,111785
2016-08-15,158726
2016-08-16,161765
2016-08-17,158644
2016-08-18,154900
2016-08-19,151838
2016-08-20,127354
2016-08-21,113539
2016-08-22,157724
2016-08-23,162137
2016-08-24,162700
2016-08-25,161708
2016-08-26,160328
2016-08-27,130985
2016-08-28,111679
2016-08-29,164336
2016-08-30,173434
2016-08-31,178620
2016-09-01,179713
2016-09-02,178010
2016-09-03,141239
2016-09-04,124840
2016-09-05,178152
2016-09-06,178366
2016-09-07,179608
2016-09-08,178421
2016-09-09,173141
2016-09-10,133522
2016-09-11,120967
2016-09-12,172203
2016-09-13,176719
2016-09-14,179105
2016-09-15,178213
2016-09-16,174154
2016-09-17,137079
2016-09-18,120432
2016-09-19,176843
2016-09-20,183123
2016-09-21,184073
2016-09-22,181626
2016-09-23,175310
2016-09-24,136261
2016-09-25,123535
2016-09-26,173182
2016-09-27,177407
2016-09-28,175988
2016-09-29,174173
2016-09-30,171621
2016-10-01,133189
2016-10-02,118101
2016-10-03,118103
2016-10-04,182250
2016-10-05,182635
2016-10-06,182499
2016-10-07,180555
2016-10-08,142584
2016-10-09,127340
2016-10-10,181793
2016-10-11,185179
2016-10-12,195903
2016-10-13,197376
2016-10-14,193224
2016-10-15,155682
2016-10-16,137237
2016-10-17,192897
2016-10-18,197982
2016-10-19,194426
2016-10-20,196632
2016-10-21,194250
2016-10-22,150564
2016-10-23,131132
2016-10-24,188052
2016-10-25,192444
2016-10-26,195089
2016-10-27,193598
2016-10-28,188914
2016-10-29,150868
2016-10-30,141806
2016-10-31,169321
2016-11-01,136980
2016-11-02,193755
2016-11-03,189396
2016-11-04,189379
2016-11-05,150033
2016-11-06,137934
2016-11-07,191840
2016-11-08,194590
2016-11-09,195818
2016-11-10,192135
2016-11-11,194535
2016-11-12,160229
2016-11-13,143529
2016-11-14,199207
2016-11-15,209540
2016-11-16,208403
2016-11-17,204275
2016-11-18,207254
2016-11-19,161833
2016-11-20,144540
2016-11-21,192138
2016-11-22,203647
2016-11-23,206960
2016-11-24,201537
2016-11-25,201396
2016-11-26,163579
2016-11-27,144432
2016-11-28,201192
2016-11-29,204663
2016-11-30,203376
2016-12-01,203944
2016-12-02,200129
2016-12-03,161998
2016-12-04,144323
2016-12-05,199883
2016-12-06,208040
2016-12-07,208925
2016-12-08,205406
2016-12-09,203240
2016-12-10,165389
2016-12-11,154468
2016-12-12,204535
2016-12-13,211954
2016-12-14,213074
2016-12-15,205278
2016-12-16,196667
2016-12-17,151770
2016-12-18,135135
2016-12-19,181175
2016-12-20,185321
2016-12-21,177493
2016-12-22,176345
2016-12-23,170710
2016-12-24,131015
2016-12-25,128677
2016-12-26,129774
2016-12-27,164141
2016-12-28,158009
2016-12-29,154565
2016-12-30,144904
2016-12-31,118478
2017-01-01,122173
2017-01-02,179203
2017-01-03,164634
2017-01-04,173674
2017-01-05,178016
2017-01-06,131718
2017-01-07,143375
2017-01-08,164051
2017-01-09,187465
2017-01-10,198935
2017-01-11,208377
2017-01-12,209770
2017-01-13,210991
2017-01-14,191781
2017-01-15,177849
2017-01-16,223269
2017-01-17,227480
2017-01-18,226903
2017-01-19,217170
2017-01-20,213446
2017-01-21,176721
2017-01-22,161197
2017-01-23,213616
2017-01-24,218434
2017-01-25,218707
2017-01-26,218782
2017-01-27,217903
2017-01-28,188337
2017-01-29,175324
2017-01-30,225935
2017-01-31,218121
2017-02-01,225430
2017-02-02,218966
2017-02-03,213058
2017-02-04,174419
2017-02-05,154831
2017-02-06,207248
2017-02-07,205736
2017-02-08,205049
2017-02-09,199783
2017-02-10,195703
2017-02-11,162211
2017-02-12,144143
2017-02-13,193980
2017-02-14,199676
2017-02-15,200958
2017-02-16,206397
2017-02-17,199768
2017-02-18,161161
2017-02-19,145411
2017-02-20,202901
2017-02-21,201439
2017-02-22,200831
2017-02-23,196113
2017-02-24,195237
2017-02-25,156563
2017-02-26,139622
2017-02-27,193188
2017-02-28,196893
2017-03-01,195870
2017-03-02,188205
2017-03-03,186792
2017-03-04,147721
2017-03-05,128896
2017-03-06,171781
2017-03-07,184477
2017-03-08,189357
2017-03-09,184231
2017-03-10,182734
2017-03-11,145009
2017-03-12,128935
2017-03-13,185976
2017-03-14,194420
2017-03-15,194924
2017-03-16,191386
2017-03-17,183665
2017-03-18,146035
2017-03-19,126652
2017-03-20,180604
2017-03-21,183543
2017-03-22,184845
2017-03-23,182809
2017-03-24,178199
2017-03-25,147765
2017-03-26,122586
2017-03-27,178503
2017-03-28,185664
2017-03-29,190080
2017-03-30,183798
2017-03-31,186432
2017-04-01,142775
2017-04-02,124598
2017-04-03,177438
2017-04-04,181445
2017-04-05,180131
2017-04-06,175495
2017-04-07,173533
2017-04-08,133699
2017-04-09,114942
2017-04-10,173064
2017-04-11,180157
2017-04-12,180612
2017-04-13,179193
2017-04-14,114334
2017-04-15,131276
2017-04-16,122878
2017-04-17,122281
2017-04-18,173044
2017-04-19,175270
2017-04-20,169736
2017-04-21,169753
2017-04-22,121145
2017-04-23,112729
2017-04-24,168635
2017-04-25,172208
2017-04-26,183183
2017-04-27,179553
2017-04-28,178344
2017-04-29,146091
2017-04-30,121899
2017-05-01,120957
2017-05-02,186322
2017-05-03,188317
2017-05-04,185476
2017-05-05,177507
2017-05-06,135199
2017-05-07,120012
2017-05-08,175209
2017-05-09,176250
2017-05-10,182349
2017-05-11,184724
2017-05-12,178514
2017-05-13,142745
2017-05-14,125237
2017-05-15,184250
2017-05-16,183093
2017-05-17,180587
2017-05-18,180833
2017-05-19,175969
2017-05-20,139356
2017-05-21,118951
2017-05-22,172354
2017-05-23,177120
2017-05-24,180045
2017-05-25,116361
2017-05-26,155907
2017-05-27,137082
2017-05-28,125140
2017-05-29,172976
2017-05-30,180185
2017-05-31,174523
2017-06-01,179672
2017-06-02,177544
2017-06-03,133522
2017-06-04,121166
2017-06-05,121197
2017-06-06,186184
2017-06-07,182278
2017-06-08,179902
2017-06-09,177966
2017-06-10,136220
2017-06-11,108136
2017-06-12,181539
2017-06-13,165513
2017-06-14,172095
2017-06-15,116150
2017-06-16,153807
2017-06-17,131725
2017-06-18,131145
2017-06-19,172874
2017-06-20,175954
2017-06-21,172038
2017-06-22,170513
2017-06-23,170554
2017-06-24,131270
2017-06-25,118797
2017-06-26,179220
2017-06-27,189504
2017-06-28,190561
2017-06-29,190504
2017-06-30,186503
2017-07-01,144880
2017-07-02,124720
2017-07-03,181663
2017-07-04,190185
2017-07-05,187092
2017-07-06,180075
2017-07-07,176198
2017-07-08,137627
2017-07-09,120642
2017-07-10,174501
2017-07-11,181429
2017-07-12,184131
2017-07-13,185573
2017-07-14,185139
2017-07-15,146287
2017-07-16,125755
2017-07-17,180411
2017-07-18,182339
2017-07-19,184848
2017-07-20,179897
2017-07-21,178840
2017-07-22,138786
2017-07-23,120030
2017-07-24,178785
2017-07-25,187339
2017-07-26,189818
2017-07-27,185232
2017-07-28,180139
2017-07-29,140930
2017-07-30,120667
2017-07-31,171969
2017-08-01,175911
2017-08-02,173879
2017-08-03,169574
2017-08-04,161756
2017-08-05,127895
2017-08-06,115043
2017-08-07,164666
2017-08-08,172126
2017-08-09,169394
2017-08-10,172275
2017-08-11,165306
2017-08-12,131128
2017-08-13,110202
2017-08-14,156691
2017-08-15,163757
2017-08-16,162574
2017-08-17,162976
2017-08-18,158511
2017-08-19,125774
2017-08-20,110597
2017-08-21,156691
2017-08-22,165295
2017-08-23,163558
2017-08-24,165176
2017-08-25,163232
2017-08-26,129108
2017-08-27,113668
2017-08-28,163422
2017-08-29,172100
2017-08-30,175494
2017-08-31,177440
2017-09-01,176799
2017-09-02,141243
2017-09-03,123363
2017-09-04,178131
2017-09-05,183860
2017-09-06,185856
2017-09-07,181060
2017-09-08,168291
2017-09-09,129447
2017-09-10,113431
2017-09-11,167354
2017-09-12,173878
2017-09-13,175348
2017-09-14,175306
2017-09-15,172419
2017-09-16,138906
2017-09-17,118169
2017-09-18,173220
2017-09-19,179150
2017-09-20,184704
2017-09-21,182231
2017-09-22,173994
2017-09-23,137794
2017-09-24,120183
2017-09-25,175023
2017-09-26,181486
2017-09-27,179853
2017-09-28,176189
2017-09-29,174193
2017-09-30,137973
2017-10-01,121835
2017-10-02,163125
2017-10-03,123021
2017-10-04,180964
2017-10-05,180735
2017-10-06,181470
2017-10-07,146110
2017-10-08,134662
2017-10-09,176665
2017-10-10,183897
2017-10-11,184117
2017-10-12,187009
2017-10-13,189336
2017-10-14,150790
2017-10-15,134332
2017-10-16,190653
2017-10-17,199365
2017-10-18,195819
2017-10-19,194211
2017-10-20,188983
2017-10-21,151526
2017-10-22,130736
2017-10-23,188880
2017-10-24,193198
2017-10-25,192615
2017-10-26,191688
2017-10-27,190697
2017-10-28,152214
2017-10-29,138835
2017-10-30,173791
2017-10-31,134315
2017-11-01,134509
2017-11-02,195209
2017-11-03,192708
2017-11-04,155633
2017-11-05,138974
2017-11-06,194881
2017-11-07,197211
2017-11-08,197854
2017-11-09,186481
2017-11-10,190434
2017-11-11,0
2017-11-12,141098
2017-11-13,200580
2017-11-14,209768
2017-11-15,210720
2017-11-16,209098
2017-11-17,206571
2017-11-18,167889
2017-11-19,152115
2017-11-20,209338
2017-11-21,213404
2017-11-22,211911
2017-11-23,214382
2017-11-24,210460
2017-11-25,174275
2017-11-26,156276
2017-11-27,211034
2017-11-28,213396
2017-11-29,212695
2017-11-30,210608
2017-12-01,204790
2017-12-02,171771
2017-12-03,154931
2017-12-04,207011
2017-12-05,208794
2017-12-06,207644
2017-12-07,208092
2017-12-08,203954
2017-12-09,170518
2017-12-10,154984
2017-12-11,206761
2017-12-12,207667
2017-12-13,206773
2017-12-14,203540
2017-12-15,199516
2017-12-16,162373
2017-12-17,144105
2017-12-18,190788
2017-12-19,192746
2017-12-20,186595
2017-12-21,181055
2017-12-22,169508
2017-12-23,136834
2017-12-24,124458
2017-12-25,122678
2017-12-26,120243
2017-12-27,161531
2017-12-28,152252
2017-12-29,139023
2017-12-30,124436
2017-12-31,118466
2018-01-01,122307
2018-01-02,176177
2018-01-03,154218
2018-01-04,166437
2018-01-05,170100
2018-01-06,118346
2018-01-07,122947
2018-01-08,178301
2018-01-09,174462
2018-01-10,191124
2018-01-11,197336
2018-01-12,198096
2018-01-13,179375
2018-01-14,160777
2018-01-15,211274
2018-01-16,213333
2018-01-17,208462
2018-01-18,207001
2018-01-19,202753
2018-01-20,166525
2018-01-21,150595
2018-01-22,204053
2018-01-23,206285
2018-01-24,208092
2018-01-25,203696
2018-01-26,196089
2018-01-27,162029
2018-01-28,143731
2018-01-29,196049
2018-01-30,198770
2018-01-31,192973
2018-02-01,193213
2018-02-02,190928
2018-02-03,155605
2018-02-04,138370
2018-02-05,190392
2018-02-06,195623
2018-02-07,195911
2018-02-08,198539
2018-02-09,193394
2018-02-10,159010
2018-02-11,144912
2018-02-12,197316
2018-02-13,199879
2018-02-14,203146
2018-02-15,198831
2018-02-16,198015
2018-02-17,158244
2018-02-18,140680
2018-02-19,189598
2018-02-20,194492
2018-02-21,198942
2018-02-22,199893
2018-02-23,192135
2018-02-24,162362
2018-02-25,146199
2018-02-26,198132
2018-02-27,204240
2018-02-28,202642
2018-03-01,204799
2018-03-02,200696
2018-03-03,160576
2018-03-04,143561
2018-03-05,200032
2018-03-06,209457
2018-03-07,209820
2018-03-08,208298
2018-03-09,204335
2018-03-10,160676
2018-03-11,135952
2018-03-12,183855
2018-03-13,191203
2018-03-14,192296
2018-03-15,189186
2018-03-16,186554
2018-03-17,145795
2018-03-18,129008
2018-03-19,180661
2018-03-20,190474
2018-03-21,186108
2018-03-22,189246
2018-03-23,184780
2018-03-24,158064
2018-03-25,143203
2018-03-26,199041
2018-03-27,202599
2018-03-28,191712
2018-03-29,197293
2018-03-30,148279
2018-03-31,152283
2018-04-01,131805
2018-04-02,130806
2018-04-03,185770
2018-04-04,184188
2018-04-05,175929
2018-04-06,189753
2018-04-07,124839
2018-04-08,112496
2018-04-09,181874
2018-04-10,166131
2018-04-11,175494
2018-04-12,178348
2018-04-13,172354
2018-04-14,135663
2018-04-15,115884
2018-04-16,173475
2018-04-17,175680
2018-04-18,175359
2018-04-19,174806
2018-04-20,176122
2018-04-21,135153
2018-04-22,116045
2018-04-23,172485
2018-04-24,176202
2018-04-25,174496
2018-04-26,174770
2018-04-27,174605
2018-04-28,137689
2018-04-29,117772
2018-04-30,153489
2018-05-01,115559
2018-05-02,176266
2018-05-03,173821
2018-05-04,168685
2018-05-05,128443
2018-05-06,114685
2018-05-07,171891
2018-05-08,174432
2018-05-09,166764
2018-05-10,118244
2018-05-11,154716
2018-05-12,135877
2018-05-13,129042
2018-05-14,172517
2018-05-15,177472
2018-05-16,173261
2018-05-17,175512
2018-05-18,172439
2018-05-19,130480
2018-05-20,118903
2018-05-21,118991
2018-05-22,177406
2018-05-23,179901
2018-05-24,178147
2018-05-25,170408
2018-05-26,132016
2018-05-27,110876
2018-05-28,175327
2018-05-29,163386
2018-05-30,168693
2018-05-31,115324
2018-06-01,150386
2018-06-02,131060
2018-06-03,126155
2018-06-04,170195
2018-06-05,175077
2018-06-06,169635
2018-06-07,169388
2018-06-08,164649
2018-06-09,127321
2018-06-10,115496
2018-06-11,173588
2018-06-12,183459
2018-06-13,185778
2018-06-14,181161
2018-06-15,179969
2018-06-16,140668
2018-06-17,122407
2018-06-18,180861
2018-06-19,183612
2018-06-20,180243
2018-06-21,176327
2018-06-22,170342
2018-06-23,135180
2018-06-24,119877
2018-06-25,180872
2018-06-26,183889
2018-06-27,183316
2018-06-28,183873
2018-06-29,173817
2018-06-30,136704
2018-07-01,118095
2018-07-02,173757
2018-07-03,182604
2018-07-04,181353
2018-07-05,180292
2018-07-06,179393
2018-07-07,149099
2018-07-08,130984
2018-07-09,182171
2018-07-10,186382
2018-07-11,184390
2018-07-12,183778
2018-07-13,179491
2018-07-14,137931
2018-07-15,119665
2018-07-16,175868
2018-07-17,180604
2018-07-18,179048
2018-07-19,177747
2018-07-20,178058
2018-07-21,141657
2018-07-22,124396
2018-07-23,176467
2018-07-24,183998
2018-07-25,182976
2018-07-26,180245
2018-07-27,179616
2018-07-28,140467
2018-07-29,121838
2018-07-30,172694
2018-07-31,179084
2018-08-01,180225
2018-08-02,178566
2018-08-03,172421
2018-08-04,136116
2018-08-05,118533
2018-08-06,170518
2018-08-07,177905
2018-08-08,177711
2018-08-09,174621
2018-08-10,171958
2018-08-11,140872
2018-08-12,124162
2018-08-13,167821
2018-08-14,175645
2018-08-15,172561
2018-08-16,168660
2018-08-17,159703
2018-08-18,129211
2018-08-19,114183
2018-08-20,160665
2018-08-21,164084
2018-08-22,162562
2018-08-23,163241
2018-08-24,164990
2018-08-25,134721
2018-08-26,120983
2018-08-27,169556
2018-08-28,177099
2018-08-29,181100
2018-08-30,183263
2018-08-31,177395
2018-09-01,138998
2018-09-02,119397
2018-09-03,171845
2018-09-04,176553
2018-09-05,179163
2018-09-06,178623
2018-09-07,175383
2018-09-08,132980
2018-09-09,119867
2018-09-10,172719
2018-09-11,177161
2018-09-12,176884
2018-09-13,177959
2018-09-14,175020
2018-09-15,136263
2018-09-16,120624
2018-09-17,174691
2018-09-18,180895
2018-09-19,181280
2018-09-20,179043
2018-09-21,171999
2018-09-22,132319
2018-09-23,116699
2018-09-24,172058
2018-09-25,181377
2018-09-26,179559
2018-09-27,179527
2018-09-28,178595
2018-09-29,136551
2018-09-30,124003
2018-10-01,171143
2018-10-02,176519
2018-10-03,122885
2018-10-04,178570
2018-10-05,175517
2018-10-06,137612
2018-10-07,138596
2018-10-08,177915
2018-10-09,182999
2018-10-10,183080
2018-10-11,176232
2018-10-12,181014
2018-10-13,150061
2018-10-14,132197
2018-10-15,184728
2018-10-16,189287
2018-10-17,187243
2018-10-18,180396
2018-10-19,184622
2018-10-20,153426
2018-10-21,125871
2018-10-22,177814
2018-10-23,183625
2018-10-24,183816
2018-10-25,184596
2018-10-26,179987
2018-10-27,143170
2018-10-28,131527
2018-10-29,180026
2018-10-30,188205
2018-10-31,190854
2018-11-01,127414
2018-11-02,169721
2018-11-03,151275
2018-11-04,136569
2018-11-05,192479
2018-11-06,201417
2018-11-07,189658
2018-11-08,189674
2018-11-09,185886
2018-11-10,140254
2018-11-11,129509
2018-11-12,185561
2018-11-13,194498
2018-11-14,191625
2018-11-15,195805
2018-11-16,193826
2018-11-17,155482
2018-11-18,138741
2018-11-19,191424
2018-11-20,199454
2018-11-21,200684
2018-11-22,205653
2018-11-23,200716
2018-11-24,163018
2018-11-25,148145
2018-11-26,204553
2018-11-27,208041
2018-11-28,212141
2018-11-29,212694
2018-11-30,201974
2018-12-01,163584
2018-12-02,148521
2018-12-03,203961
2018-12-04,212321
2018-12-05,216171
2018-12-06,213741
2018-12-07,207667
2018-12-08,164614
2018-12-09,149580
2018-12-10,199595
2018-12-11,201072
2018-12-12,198562
2018-12-13,195781
2018-12-14,193393
2018-12-15,161335
2018-12-16,141744
2018-12-17,189521
2018-12-18,192643
2018-12-19,188035
2018-12-20,187240
2018-12-21,178392
2018-12-22,143619
2018-12-23,129348
2018-12-24,127389
2018-12-25,123986
2018-12-26,126382
2018-12-27,153623
2018-12-28,141791
2018-12-29,122737
2018-12-30,122529
2018-12-31,122531
2019-01-01,140695
2019-01-02,173903
2019-01-03,156130
2019-01-04,157697
2019-01-05,156869
2019-01-06,124917
2019-01-07,169941
2019-01-08,179836
2019-01-09,177539
2019-01-10,192004
2019-01-11,196494
2019-01-12,182205
2019-01-13,172753
2019-01-14,218784
2019-01-15,226021
2019-01-16,224381
2019-01-17,222345
2019-01-18,222290
2019-01-19,184127
2019-01-20,162148
2019-01-21,206776
2019-01-22,207963
2019-01-23,200608
2019-01-24,204800
2019-01-25,199824
2019-01-26,168573
2019-01-27,151686
2019-01-28,200760
2019-01-29,208315
2019-01-30,213888
2019-01-31,212260
2019-02-01,204534
2019-02-02,165789
2019-02-03,146576
2019-02-04,199890
2019-02-05,204247
2019-02-06,206288
2019-02-07,204270
2019-02-08,199191
2019-02-09,159176
2019-02-10,150780
2019-02-11,197443
2019-02-12,201313
2019-02-13,203111
2019-02-14,202783
2019-02-15,193270
2019-02-16,157858
2019-02-17,139196
2019-02-18,195760
2019-02-19,200087
2019-02-20,197995
2019-02-21,194808
2019-02-22,189906
2019-02-23,153363
2019-02-24,135868
2019-02-25,186781
2019-02-26,193370
2019-02-27,190102
2019-02-28,187507
2019-03-01,182604
2019-03-02,147598
2019-03-03,129618
2019-03-04,180330
2019-03-05,182371
2019-03-06,182817
2019-03-07,179408
2019-03-08,179389
2019-03-09,141279
2019-03-10,127847
2019-03-11,177670
2019-03-12,184131
2019-03-13,183334
2019-03-14,184812
2019-03-15,183597
2019-03-16,151223
2019-03-17,131811
2019-03-18,190947
2019-03-19,190470
2019-03-20,194329
2019-03-21,196784
2019-03-22,192544
2019-03-23,149376
2019-03-24,138068
2019-03-25,189521
2019-03-26,190257
2019-03-27,187682
2019-03-28,183635
2019-03-29,179228
2019-03-30,141137
2019-03-31,119476
2019-04-01,181437
2019-04-02,186577
2019-04-03,184399
2019-04-04,177861
2019-04-05,171700
2019-04-06,134374
2019-04-07,117167
2019-04-08,171284
2019-04-09,179076
2019-04-10,184358
2019-04-11,187217
2019-04-12,181324
2019-04-13,138819
2019-04-14,124234
2019-04-15,175584
2019-04-16,183636
2019-04-17,185363
2019-04-18,179870
2019-04-19,129697
2019-04-20,143203
2019-04-21,121098
2019-04-22,120915
2019-04-23,180846
2019-04-24,179916
2019-04-25,171260
2019-04-26,177293
2019-04-27,119757
2019-04-28,111598
2019-04-29,175413
2019-04-30,163145
2019-05-01,114625
2019-05-02,167175
2019-05-03,166506
2019-05-04,127003
2019-05-05,115278
2019-05-06,165217
2019-05-07,169520
2019-05-08,165519
2019-05-09,163899
2019-05-10,172303
2019-05-11,140377
2019-05-12,126459
2019-05-13,178503
2019-05-14,178684
2019-05-15,182882
2019-05-16,179940
2019-05-17,173876
2019-05-18,138892
2019-05-19,121329
2019-05-20,171697
2019-05-21,176920
2019-05-22,176661
2019-05-23,176634
2019-05-24,172139
2019-05-25,134999
2019-05-26,119651
2019-05-27,173798
2019-05-28,183991
2019-05-29,177286
2019-05-30,115878
2019-05-31,151763
2019-06-01,132912
2019-06-02,121227
2019-06-03,168059
2019-06-04,173778
2019-06-05,170686
2019-06-06,172771
2019-06-07,169400
2019-06-08,124864
2019-06-09,115440
2019-06-10,115671
2019-06-11,179086
2019-06-12,181499
2019-06-13,177629
2019-06-14,168253
2019-06-15,128094
2019-06-16,114797
2019-06-17,174621
2019-06-18,162062
2019-06-19,167423
2019-06-20,115684
2019-06-21,151581
2019-06-22,132138
2019-06-23,125341
2019-06-24,163598
2019-06-25,173716
2019-06-26,171707
2019-06-27,167746
2019-06-28,167743
2019-06-29,129802
2019-06-30,117430
2019-07-01,176057
2019-07-02,187190
2019-07-03,190528
2019-07-04,189171
2019-07-05,179253
2019-07-06,142456
2019-07-07,130409
2019-07-08,184599
2019-07-09,183681
2019-07-10,181139
2019-07-11,177925
2019-07-12,176053
2019-07-13,140400
2019-07-14,121234
2019-07-15,172515
2019-07-16,174662
2019-07-17,174072
2019-07-18,176742
2019-07-19,176560
2019-07-20,133701
2019-07-21,118738
2019-07-22,170948
2019-07-23,175668
2019-07-24,176802
2019-07-25,176241
2019-07-26,175134
2019-07-27,140095
2019-07-28,124085
2019-07-29,176551
2019-07-30,183885
2019-07-31,173442
2019-08-01,171767
2019-08-02,169571
2019-08-03,134589
2019-08-04,118278
2019-08-05,169067
2019-08-06,176465
2019-08-07,166799
2019-08-08,162178
2019-08-09,160253
2019-08-10,126257
2019-08-11,112343
2019-08-12,158726
2019-08-13,164317
2019-08-14,162994
2019-08-15,156514
2019-08-16,158707
2019-08-17,125813
2019-08-18,113017
2019-08-19,154516
2019-08-20,154966
2019-08-21,154446
2019-08-22,153026
2019-08-23,146262
2019-08-24,118544
2019-08-25,108244
2019-08-26,155859
2019-08-27,161413
2019-08-28,158862
2019-08-29,160401
2019-08-30,158810
2019-08-31,126001
2019-09-01,113691
2019-09-02,171076
2019-09-03,178805
2019-09-04,178465
2019-09-05,177083
2019-09-06,170355
2019-09-07,132036
2019-09-08,117472
2019-09-09,165311
2019-09-10,169608
2019-09-11,170077
2019-09-12,170476
2019-09-13,166176
2019-09-14,123763
2019-09-15,118734
2019-09-16,168053
2019-09-17,172321
2019-09-18,173782
2019-09-19,171538
2019-09-20,167374
2019-09-21,130853
2019-09-22,116978
2019-09-23,168668
2019-09-24,174907
2019-09-25,171029
2019-09-26,168011
2019-09-27,164400
2019-09-28,129207
2019-09-29,117389
2019-09-30,171191
2019-10-01,176847
2019-10-02,180000
2019-10-03,125833
2019-10-04,159157
2019-10-05,140087
2019-10-06,131717
2019-10-07,179244
2019-10-08,184389
2019-10-09,181243
2019-10-10,183612
2019-10-11,182336
2019-10-12,142916
2019-10-13,133631
2019-10-14,182954
2019-10-15,192307
2019-10-16,193747
2019-10-17,192071
2019-10-18,184146
2019-10-19,148281
2019-10-20,129980
2019-10-21,179853
2019-10-22,188073
2019-10-23,184710
2019-10-24,184058
2019-10-25,181965
2019-10-26,145117
2019-10-27,129007
2019-10-28,179817
2019-10-29,188083
2019-10-30,184961
2019-10-31,182347
2019-11-01,125269
2019-11-02,145353
2019-11-03,132052
2019-11-04,180297
2019-11-05,186666
2019-11-06,185853
2019-11-07,177733
2019-11-08,178647
2019-11-09,133514
2019-11-10,127022
2019-11-11,179616
2019-11-12,185142
2019-11-13,188043
2019-11-14,189734
2019-11-15,190678
2019-11-16,153194
2019-11-17,139639
2019-11-18,195412
2019-11-19,198857
2019-11-20,198183
2019-11-21,198240
2019-11-22,197256
2019-11-23,159274
2019-11-24,147914
2019-11-25,195049
2019-11-26,203032
2019-11-27,203801
2019-11-28,199049
2019-11-29,197353
2019-11-30,162485
2019-12-01,146626
2019-12-02,194874
2019-12-03,197765
2019-12-04,197885
2019-12-05,196846
2019-12-06,192771
2019-12-07,150812
2019-12-08,142216
2019-12-09,193957
2019-12-10,197871
2019-12-11,201946
2019-12-12,202481
2019-12-13,196239
2019-12-14,156261
2019-12-15,141156
2019-12-16,190894
2019-12-17,192468
2019-12-18,194399
2019-12-19,184625
2019-12-20,176627
2019-12-21,135141
2019-12-22,116623
2019-12-23,131370
2019-12-24,116748
2019-12-25,112788
2019-12-26,115539
2019-12-27,120597
2019-12-28,107792
2019-12-29,102915
2019-12-30,110608
2019-12-31,117251
2020-01-01,135294
2020-01-02,148330
2020-01-03,141033
2020-01-04,135512
2020-01-05,120870
2020-01-06,120870
2020-01-07,153504
2020-01-08,155566
2020-01-09,156711
2020-01-10,164095
2020-01-11,155048
2020-01-12,152670
2020-01-13,169564
2020-01-14,210867
2020-01-15,216376
2020-01-16,207692
2020-01-17,204168
2020-01-18,165923
2020-01-19,156912
2020-01-20,200308
2020-01-21,204482
2020-01-22,201063
2020-01-23,194323
2020-01-24,195798
2020-01-25,157582
2020-01-26,144787
2020-01-27,194942
2020-01-28,203458
2020-01-29,205270
2020-01-30,205106
2020-01-31,195027
2020-02-01,158499
2020-02-02,142799
2020-02-03,194349
2020-02-04,203007
2020-02-05,203531
2020-02-06,195731
2020-02-07,189180
2020-02-08,150477
2020-02-09,136949
2020-02-10,191820
2020-02-11,200408
2020-02-12,196847
2020-02-13,194208
2020-02-14,189216
2020-02-15,152417
2020-02-16,138951
2020-02-17,185292
2020-02-18,197261
2020-02-19,198637
2020-02-20,194886
2020-02-21,188072
2020-02-22,150746
2020-02-23,137988
2020-02-24,188093
2020-02-25,194221
2020-02-26,195926
2020-02-27,188017
2020-02-28,182774
2020-02-29,147731
2020-03-01,131529
2020-03-02,171779
2020-03-03,180970
2020-03-04,185644
2020-03-05,191023
2020-03-06,182854
2020-03-07,146410
2020-03-08,132097
2020-03-09,181401
2020-03-10,186846
2020-03-11,188104
2020-03-12,188700
2020-03-13,187853
2020-03-14,151313
2020-03-15,135543
2020-03-16,184269
2020-03-17,198674
2020-03-18,190249
2020-03-19,188511
2020-03-20,182727
2020-03-21,145604
2020-03-22,131012
2020-03-23,173955
2020-03-24,178224
2020-03-25,176703
2020-03-26,169315
2020-03-27,163392
2020-03-28,142482
2020-03-29,124630
2020-03-30,166749
2020-03-31,170827
2020-04-01,169433
2020-04-02,167417
2020-04-03,158108
2020-04-04,128300
2020-04-05,127160
2020-04-06,160816
2020-04-07,162558
2020-04-08,161428
2020-04-09,157689
2020-04-10,117063
2020-04-11,124537
2020-04-12,110696
2020-04-13,110297
2020-04-14,150445
2020-04-15,147774
2020-04-16,140165
2020-04-17,151226
2020-04-18,110107
2020-04-19,103890
2020-04-20,146484
2020-04-21,141392
2020-04-22,148886
2020-04-23,147167
2020-04-24,144690
2020-04-25,119616
2020-04-26,110576
2020-04-27,153709
2020-04-28,160777
2020-04-29,157648
2020-04-30,154253
2020-05-01,112195
2020-05-02,121171
2020-05-03,115378
2020-05-04,150973
2020-05-05,159041
2020-05-06,158702
2020-05-07,155333
2020-05-08,148809
2020-05-09,119860
2020-05-10,113536
2020-05-11,158601
2020-05-12,166726
2020-05-13,163643
2020-05-14,160675
2020-05-15,155508
2020-05-16,127807
2020-05-17,115686
2020-05-18,166152
2020-05-19,166360
2020-05-20,170176
2020-05-21,120286
2020-05-22,144346
2020-05-23,128711
2020-05-24,113240
2020-05-25,156647
2020-05-26,161919
2020-05-27,160437
2020-05-28,159620
2020-05-29,156601
2020-05-30,125441
2020-05-31,112463
2020-06-01,115309
2020-06-02,157337
2020-06-03,159964
2020-06-04,155083
2020-06-05,149754
2020-06-06,126683
2020-06-07,109416
2020-06-08,158533
2020-06-09,164085
2020-06-10,163243
2020-06-11,122649
2020-06-12,144522
2020-06-13,129175
2020-06-14,111942
2020-06-15,155539
2020-06-16,165517
2020-06-17,164194
2020-06-18,169576
2020-06-19,162132
2020-06-20,127560
2020-06-21,117701
2020-06-22,160984
2020-06-23,167379
2020-06-24,168776
2020-06-25,165876
2020-06-26,159993
2020-06-27,128872
2020-06-28,116170
2020-06-29,162779
2020-06-30,170509
2020-07-01,170932
2020-07-02,166849
2020-07-03,160129
2020-07-04,128214
2020-07-05,116289
2020-07-06,160993
2020-07-07,166747
2020-07-08,169935
2020-07-09,170558
2020-07-10,161764
2020-07-11,127804
2020-07-12,118279
2020-07-13,163756
2020-07-14,165988
2020-07-15,168057
2020-07-16,167536
2020-07-17,159768
2020-07-18,129692
2020-07-19,116589
2020-07-20,165399
2020-07-21,171263
2020-07-22,173785
2020-07-23,173066
2020-07-24,164318
2020-07-25,129853
2020-07-26,116268
2020-07-27,167707
2020-07-28,177579
2020-07-29,172051
2020-07-30,171172
2020-07-31,166556
2020-08-01,134704
2020-08-02,120344
2020-08-03,161092
2020-08-04,166846
2020-08-05,161737
2020-08-06,160849
2020-08-07,155549
2020-08-08,127510
2020-08-09,119600
2020-08-10,160447
2020-08-11,166478
2020-08-12,166366
2020-08-13,165960
2020-08-14,162257
2020-08-15,132959
2020-08-16,117949
2020-08-17,154110
2020-08-18,158835
2020-08-19,158805
2020-08-20,161599
2020-08-21,159989
2020-08-22,127922
2020-08-23,115556
2020-08-24,156773
2020-08-25,159851
2020-08-26,160430
2020-08-27,162361
2020-08-28,159475
2020-08-29,127379
2020-08-30,114660
2020-08-31,155061
2020-09-01,161825
2020-09-02,165022
2020-09-03,166369
2020-09-04,162570
2020-09-05,130262
2020-09-06,115820
2020-09-07,161624
2020-09-08,170889
2020-09-09,170833
2020-09-10,166674
2020-09-11,163822
2020-09-12,132912
2020-09-13,120483
2020-09-14,167337
2020-09-15,174733
2020-09-16,175882
2020-09-17,174993
2020-09-18,170262
2020-09-19,135634
2020-09-20,119743
2020-09-21,166041
2020-09-22,173535
2020-09-23,174344
2020-09-24,173990
2020-09-25,169008
2020-09-26,136472
2020-09-27,123650
2020-09-28,174498
2020-09-29,180091
2020-09-30,180760
2020-10-01,183873
2020-10-02,180698
2020-10-03,134300
2020-10-04,132394
2020-10-05,180448
2020-10-06,188666
2020-10-07,186625
2020-10-08,185620
2020-10-09,183572
2020-10-10,143726
2020-10-11,137265
2020-10-12,190075
2020-10-13,199024
2020-10-14,197498
2020-10-15,193955
2020-10-16,189559
2020-10-17,156976
2020-10-18,142497
2020-10-19,193789
2020-10-20,198946
2020-10-21,198349
2020-10-22,196172
2020-10-23,191542
2020-10-24,149853
2020-10-25,143692
2020-10-26,185218
2020-10-27,194575
2020-10-28,194112
2020-10-29,192091
2020-10-30,192893
2020-10-31,154981
2020-11-01,138534
2020-11-02,188482
2020-11-03,196108
2020-11-04,199030
2020-11-05,200282
2020-11-06,197391
2020-11-07,155650
2020-11-08,144411
2020-11-09,196621
2020-11-10,200842
2020-11-11,201653
2020-11-12,200321
2020-11-13,193292
2020-11-14,153866
2020-11-15,141115
2020-11-16,192163
2020-11-17,199701
2020-11-18,203601
2020-11-19,200231
2020-11-20,198960
2020-11-21,162877
2020-11-22,147390
2020-11-23,202908
2020-11-24,211604
2020-11-25,211227
2020-11-26,210665
2020-11-27,203950
2020-11-28,169026
2020-11-29,156904
2020-11-30,208796
2020-12-01,213394
2020-12-02,214734
2020-12-03,212049
2020-12-04,204819
2020-12-05,172304
2020-12-06,161703
2020-12-07,211434
2020-12-08,220128
2020-12-09,215159
2020-12-10,211619
2020-12-11,208411
2020-12-12,170738
2020-12-13,155734
2020-12-14,203152
2020-12-15,203847
2020-12-16,204991
2020-12-17,200541
2020-12-18,193149
2020-12-19,156622
2020-12-20,140266
2020-12-21,181819
2020-12-22,181938
2020-12-23,159510
2020-12-24,127463
2020-12-25,137466
2020-12-26,132961
2020-12-27,128524
2020-12-28,146441
2020-12-29,150570
2020-12-30,154249
2020-12-31,137288
2021-01-01,140167
2021-01-02,140998
2021-01-03,135055
2021-01-04,167014
2021-01-05,178061
2021-01-06,157753
2021-01-07,192925
2021-01-08,186871
2021-01-09,161899
2021-01-10,165874
2021-01-11,204926
2021-01-12,206176
2021-01-13,199917
2021-01-14,212254
2021-01-15,212778
2021-01-16,181091
2021-01-17,161475
2021-01-18,209378
2021-01-19,213154
2021-01-20,207743
2021-01-21,212713
2021-01-22,207999
2021-01-23,174799
2021-01-24,156488
2021-01-25,207089
2021-01-26,213165
2021-01-27,209704
2021-01-28,205362
2021-01-29,200185
2021-01-30,166865
2021-01-31,151198
2021-02-01,204147
2021-02-02,207488
2021-02-03,204059
2021-02-04,199212
2021-02-05,193262
2021-02-06,160421
2021-02-07,147793
2021-02-08,203284
2021-02-09,209277
2021-02-10,212770
2021-02-11,216626
2021-02-12,211624
2021-02-13,177377
2021-02-14,161000
2021-02-15,210943
2021-02-16,206383
2021-02-17,205719
2021-02-18,199915
2021-02-19,193874
2021-02-20,157172
2021-02-21,141989
2021-02-22,192276
2021-02-23,193230
2021-02-24,195297
2021-02-25,195779
2021-02-26,191453
2021-02-27,155745
2021-02-28,140504
2021-03-01,194712
2021-03-02,195344
2021-03-03,193467
2021-03-04,190195
2021-03-05,190267
2021-03-06,155850
2021-03-07,142660
2021-03-08,193806
2021-03-09,197625
2021-03-10,196234
2021-03-11,191935
2021-03-12,190881
2021-03-13,155306
2021-03-14,145110
2021-03-15,193585
2021-03-16,199425
2021-03-17,199227
2021-03-18,199121
2021-03-19,196209
2021-03-20,164453
2021-03-21,145376
2021-03-22,197082
2021-03-23,201998
2021-03-24,198457
2021-03-25,196994
2021-03-26,189317
2021-03-27,154493
2021-03-28,141375
2021-03-29,191179
2021-03-30,196069
2021-03-31,188502
2021-04-01,181754
2021-04-02,131587
2021-04-03,144733
2021-04-04,128811
2021-04-05,132840
2021-04-06,180146
2021-04-07,178618
2021-04-08,184086
2021-04-09,185356
2021-04-10,135935
2021-04-11,127621
2021-04-12,190110
2021-04-13,192461
2021-04-14,199432
2021-04-15,196145
2021-04-16,195550
2021-04-17,153081
2021-04-18,140876
2021-04-19,193749
2021-04-20,195296
2021-04-21,198446
2021-04-22,194133
2021-04-23,189438
2021-04-24,152488
2021-04-25,138418
2021-04-26,191237
2021-04-27,193791
2021-04-28,190082
2021-04-29,187615
2021-04-30,185427
2021-05-01,137130
2021-05-02,133995
2021-05-03,184778
2021-05-04,189181
2021-05-05,191842
2021-05-06,190705
2021-05-07,185607
2021-05-08,143166
2021-05-09,129638
2021-05-10,181326
2021-05-11,189466
2021-05-12,187454
2021-05-13,128528
2021-05-14,169987
2021-05-15,145331
2021-05-16,129463
2021-05-17,177896
2021-05-18,188901
2021-05-19,184917
2021-05-20,186377
2021-05-21,187377
2021-05-22,135531
2021-05-23,126766
2021-05-24,133699
2021-05-25,180339
2021-05-26,182327
2021-05-27,177864
2021-05-28,177145
2021-05-29,137739
2021-05-30,124390
2021-05-31,175148
2021-06-01,178330
2021-06-02,184637
2021-06-03,129030
2021-06-04,160426
2021-06-05,138038
2021-06-06,131934
2021-06-07,175778
2021-06-08,179779
2021-06-09,181279
2021-06-10,188654
2021-06-11,187845
2021-06-12,144419
2021-06-13,133787
2021-06-14,184291
2021-06-15,188462
2021-06-16,188912
2021-06-17,194938
2021-06-18,188497
2021-06-19,148788
2021-06-20,132256
2021-06-21,187365
2021-06-22,192557
2021-06-23,191380
2021-06-24,187807
2021-06-25,184619
2021-06-26,147740
2021-06-27,131189
2021-06-28,184588
2021-06-29,188827
2021-06-30,192474
2021-07-01,189789
2021-07-02,184737
2021-07-03,147382
2021-07-04,130008
2021-07-05,183908
2021-07-06,190912
2021-07-07,187952
2021-07-08,185457
2021-07-09,179941
2021-07-10,145568
2021-07-11,132638
2021-07-12,187233
2021-07-13,189694
2021-07-14,187672
2021-07-15,186915
2021-07-16,181043
2021-07-17,147430
2021-07-18,132651
2021-07-19,182051
2021-07-20,188759
2021-07-21,186830
2021-07-22,186291
2021-07-23,182094
2021-07-24,144336
2021-07-25,126562
2021-07-26,179540
2021-07-27,186450
2021-07-28,186648
2021-07-29,184358
2021-07-30,176586
2021-07-31,140657
2021-08-01,122993
2021-08-02,171386
2021-08-03,175387
2021-08-04,170700
2021-08-05,171861
2021-08-06,166840
2021-08-07,135372
2021-08-08,121968
2021-08-09,165632
2021-08-10,170309
2021-08-11,169235
2021-08-12,168725
2021-08-13,166948
2021-08-14,137469
2021-08-15,123133
2021-08-16,161635
2021-08-17,165710
2021-08-18,166836
2021-08-19,165122
2021-08-20,163375
2021-08-21,136598
2021-08-22,122577
2021-08-23,161650
2021-08-24,163832
2021-08-25,168074
2021-08-26,172058
2021-08-27,168772
2021-08-28,139567
2021-08-29,127041
2021-08-30,171409
2021-08-31,177191
2021-09-01,179608
2021-09-02,181914
2021-09-03,178408
2021-09-04,144241
2021-09-05,131143
2021-09-06,180571
2021-09-07,187321
2021-09-08,186224
2021-09-09,184411
2021-09-10,182047
2021-09-11,146155
2021-09-12,132615
2021-09-13,187834
2021-09-14,193132
2021-09-15,193240
2021-09-16,191814
2021-09-17,188488
2021-09-18,153091
2021-09-19,135106
2021-09-20,186168
2021-09-21,192225
2021-09-22,194551
2021-09-23,193701
2021-09-24,187307
2021-09-25,153224
2021-09-26,136539
2021-09-27,189073
2021-09-28,196330
2021-09-29,196410
2021-09-30,192509
2021-10-01,192203
2021-10-02,158046
2021-10-03,140372
2021-10-04,190762
2021-10-05,194761
2021-10-06,196121
2021-10-07,194836
2021-10-08,190408
2021-10-09,154947
2021-10-10,143480
2021-10-11,198586
2021-10-12,202576
2021-10-13,201978
2021-10-14,202919
2021-10-15,199850
2021-10-16,156384
2021-10-17,143247
2021-10-18,199947
2021-10-19,208009
2021-10-20,203443
2021-10-21,201090
2021-10-22,197154
2021-10-23,161922
2021-10-24,149790
2021-10-25,199804
2021-10-26,204230
2021-10-27,202384
2021-10-28,200544
2021-10-29,196693
2021-10-30,162795
2021-10-31,151552
2021-11-01,148868
2021-11-02,202632
2021-11-03,198999
2021-11-04,196862
2021-11-05,194465
2021-11-06,163300
2021-11-07,152283
2021-11-08,207735
2021-11-09,207497
2021-11-10,207839
2021-11-11,208436
2021-11-12,207382
2021-11-13,170583
2021-11-14,155606
2021-11-15,205108
2021-11-16,207937
2021-11-17,208239
2021-11-18,209651
2021-11-19,208296
2021-11-20,175848
2021-11-21,159560
2021-11-22,206708
2021-11-23,214198
2021-11-24,220722
2021-11-25,217779
2021-11-26,210990
2021-11-27,175246
2021-11-28,166081
2021-11-29,215899
2021-11-30,221360
2021-12-01,218290
2021-12-02,219350
2021-12-03,215028
2021-12-04,178585
2021-12-05,166414
2021-12-06,215114
2021-12-07,224497
2021-12-08,221233
2021-12-09,217576
2021-12-10,207928
2021-12-11,173172
2021-12-12,157177
2021-12-13,208221
2021-12-14,212822
2021-12-15,210352
2021-12-16,207362
2021-12-17,200456
2021-12-18,167556
2021-12-19,150656
2021-12-20,193928
2021-12-21,200421
2021-12-22,202842
2021-12-23,180538
2021-12-24,142762
2021-12-25,147844
2021-12-26,146801
2021-12-27,157805
2021-12-28,159922
2021-12-29,152132
2021-12-30,157252
2021-12-31,126370
