datum,verbrauch,wochentag,feiertag,arbeitstag
2015-01-01,126197,Donnerstag,Neujahr,0
2015-01-02,147085,Freitag,,1
2015-01-03,141426,Samstag,,0
2015-01-04,132446,Sonntag,,0
2015-01-05,152611,Montag,,1
2015-01-06,140474,Dienstag,Heilige Drei Koenige,0
2015-01-07,184936,Mittwoch,,1
2015-01-08,190395,Donnerstag,,1
2015-01-09,186902,Freitag,,1
2015-01-10,150311,Samstag,,0
2015-01-11,140494,Sonntag,,0
2015-01-12,194573,Montag,,1
2015-01-13,196391,Dienstag,,1
2015-01-14,198853,Mittwoch,,1
2015-01-15,198241,Donnerstag,,1
2015-01-16,194680,Freitag,,1
2015-01-17,161724,Samstag,,0
2015-01-18,143315,Sonntag,,0
2015-01-19,200367,Montag,,1
2015-01-20,205528,Dienstag,,1
2015-01-21,208345,Mittwoch,,1
2015-01-22,206560,Donnerstag,,1
2015-01-23,203941,Freitag,,1
2015-01-24,165210,Samstag,,0
2015-01-25,147031,Sonntag,,0
2015-01-26,203719,Montag,,1
2015-01-27,206391,Dienstag,,1
2015-01-28,205776,Mittwoch,,1
2015-01-29,202524,Donnerstag,,1
2015-01-30,199673,Freitag,,1
2015-01-31,161846,Samstag,,0
2015-02-01,146048,Sonntag,,0
2015-02-02,201114,Montag,,1
2015-02-03,206732,Dienstag,,1
2015-02-04,210222,Mittwoch,,1
2015-02-05,208601,Donnerstag,,1
2015-02-06,206607,Freitag,,1
2015-02-07,168175,Samstag,,0
2015-02-08,150782,Sonntag,,0
2015-02-09,204605,Montag,,1
2015-02-10,206257,Dienstag,,1
2015-02-11,205914,Mittwoch,,1
2015-02-12,202478,Donnerstag,,1
2015-02-13,197657,Freitag,,1
2015-02-14,158154,Samstag,,0
2015-02-15,143733,Sonntag,,0
2015-02-16,190642,Montag,,1
2015-02-17,198623,Dienstag,,1
2015-02-18,204060,Mittwoch,,1
2015-02-19,200654,Donnerstag,,1
2015-02-20,193769,Freitag,,1
2015-02-21,157162,Samstag,,0
2015-02-22,141683,Sonntag,,0
2015-02-23,197856,Montag,,1
2015-02-24,199651,Dienstag,,1
2015-02-25,198812,Mittwoch,,1
2015-02-26,197240,Donnerstag,,1
2015-02-27,195773,Freitag,,1
2015-02-28,157049,Samstag,,0
2015-03-01,138501,Sonntag,,0
2015-03-02,193448,Montag,,1
2015-03-03,197452,Dienstag,,1
2015-03-04,197791,Mittwoch,,1
2015-03-05,197014,Donnerstag,,1
2015-03-06,191946,Freitag,,1
2015-03-07,155187,Samstag,,0
2015-03-08,134679,Sonntag,,0
2015-03-09,185888,Montag,,1
2015-03-10,192527,Dienstag,,1
2015-03-11,191323,Mittwoch,,1
2015-03-12,191798,Donnerstag,,1
2015-03-13,189559,Freitag,,1
2015-03-14,153521,Samstag,,0
2015-03-15,134898,Sonntag,,0
2015-03-16,186802,Montag,,1
2015-03-17,190014,Dienstag,,1
2015-03-18,187877,Mittwoch,,1
2015-03-19,184549,Donnerstag,,1
2015-03-20,183316,Freitag,,1
2015-03-21,149518,Samstag,,0
2015-03-22,132688,Sonntag,,0
2015-03-23,188300,Montag,,1
2015-03-24,191770,Dienstag,,1
2015-03-25,190370,Mittwoch,,1
2015-03-26,192763,Donnerstag,,1
2015-03-27,188168,Freitag,,1
2015-03-28,148211,Samstag,,0
2015-03-29,124619,Sonntag,,0
2015-03-30,187126,Montag,,1
2015-03-31,186406,Dienstag,,1
2015-04-01,190296,Mittwoch,,1
2015-04-02,187682,Donnerstag,,1
2015-04-03,135766,Freitag,Karfreitag,0
2015-04-04,135151,Samstag,,0
2015-04-05,120771,Sonntag,,0
2015-04-06,123755,Montag,Ostermontag,0
2015-04-07,178392,Dienstag,,1
2015-04-08,182512,Mittwoch,,1
2015-04-09,181302,Donnerstag,,1
2015-04-10,176063,Freitag,,1
2015-04-11,140732,Samstag,,0
2015-04-12,121770,Sonntag,,0
2015-04-13,178655,Montag,,1
2015-04-14,184381,Dienstag,,1
2015-04-15,184585,Mittwoch,,1
2015-04-16,183475,Donnerstag,,1
2015-04-17,179709,Freitag,,1
2015-04-18,141501,Samstag,,0
2015-04-19,123998,Sonntag,,0
2015-04-20,178908,Montag,,1
2015-04-21,185114,Dienstag,,1
2015-04-22,181974,Mittwoch,,1
2015-04-23,180039,Donnerstag,,1
2015-04-24,179645,Freitag,,1
2015-04-25,142759,Samstag,,0
2015-04-26,123884,Sonntag,,0
2015-04-27,179962,Montag,,1
2015-04-28,186456,Dienstag,,1
2015-04-29,183270,Mittwoch,,1
2015-04-30,180196,Donnerstag,,1
2015-05-01,123899,Freitag,Erster Mai,0
2015-05-02,128335,Samstag,,0
2015-05-03,121561,Sonntag,,0
2015-05-04,177291,Montag,,1
2015-05-05,182274,Dienstag,,1
2015-05-06,180890,Mittwoch,,1
2015-05-07,178409,Donnerstag,,1
2015-05-08,175537,Freitag,,1
2015-05-09,137274,Samstag,,0
2015-05-10,118388,Sonntag,,0
2015-05-11,177437,Montag,,1
2015-05-12,182692,Dienstag,,1
2015-05-13,177599,Mittwoch,,1
2015-05-14,127806,Donnerstag,Christi Himmelfahrt,0
2015-05-15,149510,Freitag,,1
2015-05-16,132957,Samstag,,0
2015-05-17,116951,Sonntag,,0
2015-05-18,173898,Montag,,1
2015-05-19,179998,Dienstag,,1
2015-05-20,179886,Mittwoch,,1
2015-05-21,176260,Donnerstag,,1
2015-05-22,171947,Freitag,,1
2015-05-23,132703,Samstag,,0
2015-05-24,109188,Sonntag,,0
2015-05-25,113085,Montag,Pfingstmontag,0
2015-05-26,167309,Dienstag,,1
2015-05-27,174622,Mittwoch,,1
2015-05-28,173060,Donnerstag,,1
2015-05-29,170755,Freitag,,1
2015-05-30,136442,Samstag,,0
2015-05-31,116523,Sonntag,,0
2015-06-01,173064,Montag,,1
2015-06-02,178249,Dienstag,,1
2015-06-03,176581,Mittwoch,,1
2015-06-04,129946,Donnerstag,Fronleichnam,0
2015-06-05,155627,Freitag,,1
2015-06-06,138983,Samstag,,0
2015-06-07,121601,Sonntag,,0
2015-06-08,177774,Montag,,1
2015-06-09,180676,Dienstag,,1
2015-06-10,182509,Mittwoch,,1
2015-06-11,183689,Donnerstag,,1
2015-06-12,182420,Freitag,,1
2015-06-13,141727,Samstag,,0
2015-06-14,122858,Sonntag,,0
2015-06-15,176713,Montag,,1
2015-06-16,181619,Dienstag,,1
2015-06-17,180587,Mittwoch,,1
2015-06-18,179869,Donnerstag,,1
2015-06-19,175842,Freitag,,1
2015-06-20,138571,Samstag,,0
2015-06-21,120039,Sonntag,,0
2015-06-22,174359,Montag,,1
2015-06-23,179550,Dienstag,,1
2015-06-24,178495,Mittwoch,,1
2015-06-25,178106,Donnerstag,,1
2015-06-26,175728,Freitag,,1
2015-06-27,138717,Samstag,,0
2015-06-28,118909,Sonntag,,0
2015-06-29,177112,Montag,,1
2015-06-30,183689,Dienstag,,1
2015-07-01,184739,Mittwoch,,1
2015-07-02,189331,Donnerstag,,1
2015-07-03,187467,Freitag,,1
2015-07-04,147992,Samstag,,0
2015-07-05,131570,Sonntag,,0
2015-07-06,185744,Montag,,1
2015-07-07,192789,Dienstag,,1
2015-07-08,186651,Mittwoch,,1
2015-07-09,181851,Donnerstag,,1
2015-07-10,176994,Freitag,,1
2015-07-11,141966,Samstag,,0
2015-07-12,124069,Sonntag,,0
2015-07-13,178052,Montag,,1
2015-07-14,185358,Dienstag,,1
2015-07-15,188191,Mittwoch,,1
2015-07-16,190242,Donnerstag,,1
2015-07-17,187920,Freitag,,1
2015-07-18,144639,Samstag,,0
2015-07-19,126568,Sonntag,,0
2015-07-20,183832,Montag,,1
2015-07-21,192906,Dienstag,,1
2015-07-22,194199,Mittwoch,,1
2015-07-23,188396,Donnerstag,,1
2015-07-24,184137,Freitag,,1
2015-07-25,144530,Samstag,,0
2015-07-26,122797,Sonntag,,0
2015-07-27,175830,Montag,,1
2015-07-28,182962,Dienstag,,1
2015-07-29,180404,Mittwoch,,1
2015-07-30,177664,Donnerstag,,1
2015-07-31,172938,Freitag,,1
2015-08-01,136658,Samstag,,0
2015-08-02,119570,Sonntag,,0
2015-08-03,171632,Montag,,1
2015-08-04,177140,Dienstag,,1
2015-08-05,175276,Mittwoch,,1
2015-08-06,177711,Donnerstag,,1
2015-08-07,174470,Freitag,,1
2015-08-08,141594,Samstag,,0
2015-08-09,123306,Sonntag,,0
2015-08-10,168016,Montag,,1
2015-08-11,171157,Dienstag,,1
2015-08-12,173898,Mittwoch,,1
2015-08-13,173601,Donnerstag,,1
2015-08-14,168526,Freitag,,1
2015-08-15,131705,Samstag,,0
2015-08-16,114983,Sonntag,,0
2015-08-17,159835,Montag,,1
2015-08-18,163828,Dienstag,,1
2015-08-19,163698,Mittwoch,,1
2015-08-20,163211,Donnerstag,,1
2015-08-21,161829,Freitag,,1
2015-08-22,131276,Samstag,,0
2015-08-23,117698,Sonntag,,0
2015-08-24,167982,Montag,,1
2015-08-25,170370,Dienstag,,1
2015-08-26,174697,Mittwoch,,1
2015-08-27,175454,Donnerstag,,1
2015-08-28,174320,Freitag,,1
2015-08-29,140293,Samstag,,0
2015-08-30,124274,Sonntag,,0
2015-08-31,177897,Montag,,1
2015-09-01,182335,Dienstag,,1
2015-09-02,177067,Mittwoch,,1
2015-09-03,175167,Donnerstag,,1
2015-09-04,171518,Freitag,,1
2015-09-05,135455,Samstag,,0
2015-09-06,120813,Sonntag,,0
2015-09-07,172230,Montag,,1
2015-09-08,178903,Dienstag,,1
2015-09-09,178604,Mittwoch,,1
2015-09-10,177505,Donnerstag,,1
2015-09-11,174622,Freitag,,1
2015-09-12,140057,Samstag,,0
2015-09-13,122205,Sonntag,,0
2015-09-14,176677,Montag,,1
2015-09-15,182538,Dienstag,,1
2015-09-16,184302,Mittwoch,,1
2015-09-17,182978,Donnerstag,,1
2015-09-18,176762,Freitag,,1
2015-09-19,139564,Samstag,,0
2015-09-20,122944,Sonntag,,0
2015-09-21,178084,Montag,,1
2015-09-22,184401,Dienstag,,1
2015-09-23,185656,Mittwoch,,1
2015-09-24,183370,Donnerstag,,1
2015-09-25,177160,Freitag,,1
2015-09-26,139890,Samstag,,0
2015-09-27,123711,Sonntag,,0
2015-09-28,175671,Montag,,1
2015-09-29,181546,Dienstag,,1
2015-09-30,182183,Mittwoch,,1
2015-10-01,180505,Donnerstag,,1
2015-10-02,177090,Freitag,,1
2015-10-03,126716,Samstag,Tag der Deutschen Einheit,0
2015-10-04,122215,Sonntag,,0
2015-10-05,178403,Montag,,1
2015-10-06,186538,Dienstag,,1
2015-10-07,184810,Mittwoch,,1
2015-10-08,182579,Donnerstag,,1
2015-10-09,179229,Freitag,,1
2015-10-10,144169,Samstag,,0
2015-10-11,127624,Sonntag,,0
2015-10-12,183504,Montag,,1
2015-10-13,190584,Dienstag,,1
2015-10-14,192127,Mittwoch,,1
2015-10-15,191383,Donnerstag,,1
2015-10-16,188929,Freitag,,1
2015-10-17,150644,Samstag,,0
2015-10-18,133059,Sonntag,,0
2015-10-19,185723,Montag,,1
2015-10-20,193467,Dienstag,,1
2015-10-21,194788,Mittwoch,,1
2015-10-22,192304,Donnerstag,,1
2015-10-23,189784,Freitag,,1
2015-10-24,149881,Samstag,,0
2015-10-25,138090,Sonntag,,0
2015-10-26,189547,Montag,,1
2015-10-27,198264,Dienstag,,1
2015-10-28,196930,Mittwoch,,1
2015-10-29,193817,Donnerstag,,1
2015-10-30,191307,Freitag,,1
2015-10-31,152588,Samstag,,0
2015-11-01,135022,Sonntag,Allerheiligen,0
2015-11-02,189777,Montag,,1
2015-11-03,197740,Dienstag,,1
2015-11-04,192758,Mittwoch,,1
2015-11-05,190929,Donnerstag,,1
2015-11-06,185725,Freitag,,1
2015-11-07,148514,Samstag,,0
2015-11-08,131307,Sonntag,,0
2015-11-09,187338,Montag,,1
2015-11-10,192997,Dienstag,,1
2015-11-11,191574,Mittwoch,,1
2015-11-12,191304,Donnerstag,,1
2015-11-13,189635,Freitag,,1
2015-11-14,151075,Samstag,,0
2015-11-15,134499,Sonntag,,0
2015-11-16,188515,Montag,,1
2015-11-17,195265,Dienstag,,1
2015-11-18,192454,Mittwoch,,1
2015-11-19,191484,Donnerstag,,1
2015-11-20,191877,Freitag,,1
2015-11-21,154389,Samstag,,0
2015-11-22,141290,Sonntag,,0
2015-11-23,196765,Montag,,1
2015-11-24,204946,Dienstag,,1
2015-11-25,204388,Mittwoch,,1
2015-11-26,202442,Donnerstag,,1
2015-11-27,199905,Freitag,,1
2015-11-28,164428,Samstag,,0
2015-11-29,146421,Sonntag,,0
2015-11-30,195670,Montag,,1
2015-12-01,201393,Dienstag,,1
2015-12-02,199765,Mittwoch,,1
2015-12-03,199652,Donnerstag,,1
2015-12-04,197671,Freitag,,1
2015-12-05,156059,Samstag,,0
2015-12-06,139060,Sonntag,,0
2015-12-07,193136,Montag,,1
2015-12-08,203358,Dienstag,,1
2015-12-09,202303,Mittwoch,,1
2015-12-10,205728,Donnerstag,,1
2015-12-11,196854,Freitag,,1
2015-12-12,155050,Samstag,,0
2015-12-13,140974,Sonntag,,0
2015-12-14,195912,Montag,,1
2015-12-15,199737,Dienstag,,1
2015-12-16,198947,Mittwoch,,1
2015-12-17,188110,Donnerstag,,1
2015-12-18,180155,Freitag,,1
2015-12-19,145909,Samstag,,0
2015-12-20,131500,Sonntag,,0
2015-12-21,169582,Montag,,1
2015-12-22,164036,Dienstag,,1
2015-12-23,153224,Mittwoch,,1
2015-12-24,122319,Donnerstag,,1
2015-12-25,108698,Freitag,Erster Weihnachtsfeiertag,0
2015-12-26,111921,Samstag,Zweiter Weihnachtsfeiertag,0
2015-12-27,114963,Sonntag,,0
2015-12-28,140051,Montag,,1
2015-12-29,144444,Dienstag,,1
2015-12-30,142279,Mittwoch,,1
2015-12-31,129888,Donnerstag,,1
2016-01-01,115262,Freitag,Neujahr,0
2016-01-02,126973,Samstag,,0
2016-01-03,119069,Sonntag,,0
2016-01-04,151814,Montag,,1
2016-01-05,155627,Dienstag,,1
2016-01-06,129380,Mittwoch,Heilige Drei Koenige,0
2016-01-07,166888,Donnerstag,,1
2016-01-08,170204,Freitag,,1
2016-01-09,142917,Samstag,,0
2016-01-10,127394,Sonntag,,0
2016-01-11,183864,Montag,,1
2016-01-12,192538,Dienstag,,1
2016-01-13,198704,Mittwoch,,1
2016-01-14,197498,Donnerstag,,1
2016-01-15,197214,Freitag,,1
2016-01-16,160891,Samstag,,0
2016-01-17,146484,Sonntag,,0
2016-01-18,204102,Montag,,1
2016-01-19,212095,Dienstag,,1
2016-01-20,209692,Mittwoch,,1
2016-01-21,205945,Donnerstag,,1
2016-01-22,206188,Freitag,,1
2016-01-23,163609,Samstag,,0
2016-01-24,142203,Sonntag,,0
2016-01-25,193113,Montag,,1
2016-01-26,195376,Dienstag,,1
2016-01-27,194638,Mittwoch,,1
2016-01-28,195234,Donnerstag,,1
2016-01-29,186602,Freitag,,1
2016-01-30,152946,Samstag,,0
2016-01-31,137305,Sonntag,,0
2016-02-01,188437,Montag,,1
2016-02-02,192398,Dienstag,,1
2016-02-03,201405,Mittwoch,,1
2016-02-04,197973,Donnerstag,,1
2016-02-05,190310,Freitag,,1
2016-02-06,152436,Samstag,,0
2016-02-07,136844,Sonntag,,0
2016-02-08,181030,Montag,,1
2016-02-09,188331,Dienstag,,1
2016-02-10,196260,Mittwoch,,1
2016-02-11,195040,Donnerstag,,1
2016-02-12,190276,Freitag,,1
2016-02-13,152036,Samstag,,0
2016-02-14,134729,Sonntag,,0
2016-02-15,194338,Montag,,1
2016-02-16,201869,Dienstag,,1
2016-02-17,203088,Mittwoch,,1
2016-02-18,195458,Donnerstag,,1
2016-02-19,196714,Freitag,,1
2016-02-20,158608,Samstag,,0
2016-02-21,134497,Sonntag,,0
2016-02-22,184232,Montag,,1
2016-02-23,197372,Dienstag,,1
2016-02-24,197758,Mittwoch,,1
2016-02-25,197360,Donnerstag,,1
2016-02-26,191670,Freitag,,1
2016-02-27,153153,Samstag,,0
2016-02-28,136774,Sonntag,,0
2016-02-29,195230,Montag,,1
2016-03-01,197030,Dienstag,,1
2016-03-02,198469,Mittwoch,,1
2016-03-03,196923,Donnerstag,,1
2016-03-04,193404,Freitag,,1
2016-03-05,155553,Samstag,,0
2016-03-06,138828,Sonntag,,0
2016-03-07,191989,Montag,,1
2016-03-08,200332,Dienstag,,1
2016-03-09,201369,Mittwoch,,1
2016-03-10,192619,Donnerstag,,1
2016-03-11,191458,Freitag,,1
2016-03-12,154468,Samstag,,0
2016-03-13,136727,Sonntag,,0
2016-03-14,189314,Montag,,1
2016-03-15,196664,Dienstag,,1
2016-03-16,195553,Mittwoch,,1
2016-03-17,191223,Donnerstag,,1
2016-03-18,187520,Freitag,,1
2016-03-19,153965,Samstag,,0
2016-03-20,134958,Sonntag,,0
2016-03-21,188329,Montag,,1
2016-03-22,191177,Dienstag,,1
2016-03-23,193142,Mittwoch,,1
2016-03-24,185819,Donnerstag,,1
2016-03-25,138656,Freitag,Karfreitag,0
2016-03-26,132978,Samstag,,0
2016-03-27,111919,Sonntag,,0
2016-03-28,121131,Montag,Ostermontag,0
2016-03-29,176578,Dienstag,,1
2016-03-30,186535,Mittwoch,,1
2016-03-31,184436,Donnerstag,,1
2016-04-01,183781,Freitag,,1
2016-04-02,146449,Samstag,,0
2016-04-03,125100,Sonntag,,0
2016-04-04,178794,Montag,,1
2016-04-05,184034,Dienstag,,1
2016-04-06,184124,Mittwoch,,1
2016-04-07,182804,Donnerstag,,1
2016-04-08,181908,Freitag,,1
2016-04-09,145610,Samstag,,0
2016-04-10,125073,Sonntag,,0
2016-04-11,179104,Montag,,1
2016-04-12,185971,Dienstag,,1
2016-04-13,185943,Mittwoch,,1
2016-04-14,183119,Donnerstag,,1
2016-04-15,179783,Freitag,,1
2016-04-16,143175,Samstag,,0
2016-04-17,130345,Sonntag,,0
2016-04-18,183223,Montag,,1
2016-04-19,184027,Dienstag,,1
2016-04-20,183893,Mittwoch,,1
2016-04-21,183073,Donnerstag,,1
2016-04-22,177270,Freitag,,1
2016-04-23,143307,Samstag,,0
2016-04-24,128183,Sonntag,,0
2016-04-25,182660,Montag,,1
2016-04-26,190906,Dienstag,,1
2016-04-27,189502,Mittwoch,,1
2016-04-28,186952,Donnerstag,,1
2016-04-29,181078,Freitag,,1
2016-04-30,142258,Samstag,,0
2016-05-01,117839,Sonntag,Erster Mai,0
2016-05-02,172268,Montag,,1
2016-05-03,182296,Dienstag,,1
2016-05-04,177933,Mittwoch,,1
2016-05-05,127973,Donnerstag,Christi Himmelfahrt,0
2016-05-06,148437,Freitag,,1
2016-05-07,131665,Samstag,,0
2016-05-08,116820,Sonntag,,0
2016-05-09,173816,Montag,,1
2016-05-10,179566,Dienstag,,1
2016-05-11,179919,Mittwoch,,1
2016-05-12,180884,Donnerstag,,1
2016-05-13,177660,Freitag,,1
2016-05-14,138301,Samstag,,0
2016-05-15,112640,Sonntag,,0
2016-05-16,116274,Montag,Pfingstmontag,0
2016-05-17,169793,Dienstag,,1
2016-05-18,176510,Mittwoch,,1
2016-05-19,175760,Donnerstag,,1
2016-05-20,171806,Freitag,,1
2016-05-21,135867,Samstag,,0
2016-05-22,119702,Sonntag,,0
2016-05-23,174290,Montag,,1
2016-05-24,180520,Dienstag,,1
2016-05-25,171399,Mittwoch,,1
2016-05-26,126059,Donnerstag,Fronleichnam,0
2016-05-27,146223,Freitag,,1
2016-05-28,131498,Samstag,,0
2016-05-29,119528,Sonntag,,0
2016-05-30,171973,Montag,,1
2016-05-31,178151,Dienstag,,1
2016-06-01,178620,Mittwoch,,1
2016-06-02,177373,Donnerstag,,1
2016-06-03,174461,Freitag,,1
2016-06-04,137142,Samstag,,0
2016-06-05,120150,Sonntag,,0
2016-06-06,174992,Montag,,1
2016-06-07,181926,Dienstag,,1
2016-06-08,182298,Mittwoch,,1
2016-06-09,178690,Donnerstag,,1
2016-06-10,174257,Freitag,,1
2016-06-11,137344,Samstag,,0
2016-06-12,120739,Sonntag,,0
2016-06-13,174240,Montag,,1
2016-06-14,179620,Dienstag,,1
2016-06-15,178837,Mittwoch,,1
2016-06-16,180250,Donnerstag,,1
2016-06-17,173715,Freitag,,1
2016-06-18,136503,Samstag,,0
2016-06-19,119714,Sonntag,,0
2016-06-20,171970,Montag,,1
2016-06-21,176952,Dienstag,,1
2016-06-22,181780,Mittwoch,,1
2016-06-23,185418,Donnerstag,,1
2016-06-24,181511,Freitag,,1
2016-06-25,139711,Samstag,,0
2016-06-26,119531,Sonntag,,0
2016-06-27,172734,Montag,,1
2016-06-28,179295,Dienstag,,1
2016-06-29,180676,Mittwoch,,1
2016-06-30,179923,Donnerstag,,1
2016-07-01,176716,Freitag,,1
2016-07-02,138785,Samstag,,0
2016-07-03,118944,Sonntag,,0
2016-07-04,171765,Montag,,1
2016-07-05,174534,Dienstag,,1
2016-07-06,174471,Mittwoch,,1
2016-07-07,175770,Donnerstag,,1
2016-07-08,174123,Freitag,,1
2016-07-09,137814,Samstag,,0
2016-07-10,124712,Sonntag,,0
2016-07-11,178108,Montag,,1
2016-07-12,184736,Dienstag,,1
2016-07-13,176033,Mittwoch,,1
2016-07-14,173165,Donnerstag,,1
2016-07-15,170295,Freitag,,1
2016-07-16,134482,Samstag,,0
2016-07-17,119018,Sonntag,,0
2016-07-18,178919,Montag,,1
2016-07-19,184949,Dienstag,,1
2016-07-20,187910,Mittwoch,,1
2016-07-21,184151,Donnerstag,,1
2016-07-22,181044,Freitag,,1
2016-07-23,139881,Samstag,,0
2016-07-24,123013,Sonntag,,0
2016-07-25,179850,Montag,,1
2016-07-26,185339,Dienstag,,1
2016-07-27,184665,Mittwoch,,1
2016-07-28,181321,Donnerstag,,1
2016-07-29,175739,Freitag,,1
2016-07-30,141405,Samstag,,0
2016-07-31,121893,Sonntag,,0
2016-08-01,168256,Montag,,1
2016-08-02,172712,Dienstag,,1
2016-08-03,173443,Mittwoch,,1
2016-08-04,172685,Donnerstag,,1
2016-08-05,165450,Freitag,,1
2016-08-06,130358,Samstag,,0
2016-08-07,114491,Sonntag,,0
2016-08-08,162193,Montag,,1
2016-08-09,164929,Dienstag,,1
2016-08-10,161367,Mittwoch,,1
2016-08-11,157184,Donnerstag,,1
2016-08-12,153765,Freitag,,1
2016-08-13,128693,Samstag,,0
2016-08-14,114501,Sonntag,,0
2016-08-15,159321,Montag,,1
2016-08-16,162820,Dienstag,,1
2016-08-17,163040,Mittwoch,,1
2016-08-18,161708,Donnerstag,,1
2016-08-19,159341,Freitag,,1
2016-08-20,129383,Samstag,,0
2016-08-21,109644,Sonntag,,0
2016-08-22,160369,Montag,,1
2016-08-23,168227,Dienstag,,1
2016-08-24,172223,Mittwoch,,1
2016-08-25,172249,Donnerstag,,1
2016-08-26,171363,Freitag,,1
2016-08-27,136560,Samstag,,0
2016-08-28,121228,Sonntag,,0
2016-08-29,173728,Montag,,1
2016-08-30,174687,Dienstag,,1
2016-08-31,176643,Mittwoch,,1
2016-09-01,176210,Donnerstag,,1
2016-09-02,170980,Freitag,,1
2016-09-03,131854,Samstag,,0
2016-09-04,119449,Sonntag,,0
2016-09-05,170018,Montag,,1
2016-09-06,174468,Dienstag,,1
2016-09-07,176817,Mittwoch,,1
2016-09-08,175925,Donnerstag,,1
2016-09-09,172098,Freitag,,1
2016-09-10,135611,Samstag,,0
2016-09-11,119266,Sonntag,,0
2016-09-12,175320,Montag,,1
2016-09-13,181737,Dienstag,,1
2016-09-14,182874,Mittwoch,,1
2016-09-15,180631,Donnerstag,,1
2016-09-16,174484,Freitag,,1
2016-09-17,135733,Samstag,,0
2016-09-18,123149,Sonntag,,0
2016-09-19,172781,Montag,,1
2016-09-20,177130,Dienstag,,1
2016-09-21,175847,Mittwoch,,1
2016-09-22,174173,Donnerstag,,1
2016-09-23,171620,Freitag,,1
2016-09-24,133181,Samstag,,0
2016-09-25,118095,Sonntag,,0
2016-09-26,177955,Montag,,1
2016-09-27,182238,Dienstag,,1
2016-09-28,182606,Mittwoch,,1
2016-09-29,182464,Donnerstag,,1
2016-09-30,179567,Freitag,,1
2016-10-01,141054,Samstag,,0
2016-10-02,122822,Sonntag,,0
2016-10-03,125324,Montag,Tag der Deutschen Einheit,0
2016-10-04,180348,Dienstag,,1
2016-10-05,189821,Mittwoch,,1
2016-10-06,190260,Donnerstag,,1
2016-10-07,186832,Freitag,,1
2016-10-08,150981,Samstag,,0
2016-10-09,133487,Sonntag,,0
2016-10-10,188192,Montag,,1
2016-10-11,193722,Dienstag,,1
2016-10-12,190800,Mittwoch,,1
2016-10-13,193528,Donnerstag,,1
2016-10-14,191625,Freitag,,1
2016-10-15,148876,Samstag,,0
2016-10-16,129953,Sonntag,,0
2016-10-17,186779,Montag,,1
2016-10-18,191576,Dienstag,,1
2016-10-19,194645,Mittwoch,,1
2016-10-20,193595,Donnerstag,,1
2016-10-21,188917,Freitag,,1
2016-10-22,150866,Samstag,,0
2016-10-23,136982,Sonntag,,0
2016-10-24,190650,Montag,,1
2016-10-25,193087,Dienstag,,1
2016-10-26,193753,Mittwoch,,1
2016-10-27,189399,Donnerstag,,1
2016-10-28,189083,Freitag,,1
2016-10-29,149568,Samstag,,0
2016-10-30,134738,Sonntag,,0
2016-10-31,160540,Montag,,1
2016-11-01,137292,Dienstag,Allerheiligen,0
2016-11-02,199447,Mittwoch,,1
2016-11-03,231190,Donnerstag,,1
2016-11-04,191779,Freitag,,1
2016-11-05,157139,Samstag,,0
2016-11-06,140096,Sonntag,,0
2016-11-07,195444,Montag,,1
2016-11-08,205448,Dienstag,,1
2016-11-09,203969,Mittwoch,,1
2016-11-10,199972,Donnerstag,,1
2016-11-11,202566,Freitag,,1
2016-11-12,157860,Samstag,,0
2016-11-13,140045,Sonntag,,0
2016-11-14,187526,Montag,,1
2016-11-15,199929,Dienstag,,1
2016-11-16,203436,Mittwoch,,1
2016-11-17,197916,Donnerstag,,1
2016-11-18,197786,Freitag,,1
2016-11-19,159229,Samstag,,0
2016-11-20,139699,Sonntag,,0
2016-11-21,197590,Montag,,1
2016-11-22,201151,Dienstag,,1
2016-11-23,199838,Mittwoch,,1
2016-11-24,200916,Donnerstag,,1
2016-11-25,197517,Freitag,,1
2016-11-26,159017,Samstag,,0
2016-11-27,141398,Sonntag,,0
2016-11-28,198762,Montag,,1
2016-11-29,207604,Dienstag,,1
2016-11-30,209020,Mittwoch,,1
2016-12-01,205571,Donnerstag,,1
2016-12-02,203514,Freitag,,1
2016-12-03,165273,Samstag,,0
2016-12-04,154523,Sonntag,,0
2016-12-05,205299,Montag,,1
2016-12-06,212411,Dienstag,,1
2016-12-07,214143,Mittwoch,,1
2016-12-08,209898,Donnerstag,,1
2016-12-09,204836,Freitag,,1
2016-12-10,163501,Samstag,,0
2016-12-11,150417,Sonntag,,0
2016-12-12,200005,Montag,,1
2016-12-13,207710,Dienstag,,1
2016-12-14,203432,Mittwoch,,1
2016-12-15,203294,Donnerstag,,1
2016-12-16,198552,Freitag,,1
2016-12-17,164332,Samstag,,0
2016-12-18,149118,Sonntag,,0
2016-12-19,197223,Montag,,1
2016-12-20,201807,Dienstag,,1
2016-12-21,197325,Mittwoch,,1
2016-12-22,186393,Donnerstag,,1
2016-12-23,167059,Freitag,,1
2016-12-24,134957,Samstag,,0
2016-12-25,122211,Sonntag,Erster Weihnachtsfeiertag,0
2016-12-26,122559,Montag,Zweiter Weihnachtsfeiertag,0
2016-12-27,148923,Dienstag,,1
2016-12-28,150077,Mittwoch,,1
2016-12-29,152737,Donnerstag,,1
2016-12-30,153727,Freitag,,1
2016-12-31,143726,Samstag,,0
2017-01-01,131718,Sonntag,Neujahr,0
2017-01-02,173860,Montag,,1
2017-01-03,181001,Dienstag,,1
2017-01-04,185968,Mittwoch,,1
2017-01-05,182875,Donnerstag,,1
2017-01-06,155082,Freitag,Heilige Drei Koenige,0
2017-01-07,163791,Samstag,,0
2017-01-08,152883,Sonntag,,0
2017-01-09,202521,Montag,,1
2017-01-10,210340,Dienstag,,1
2017-01-11,213278,Mittwoch,,1
2017-01-12,206764,Donnerstag,,1
2017-01-13,206362,Freitag,,1
2017-01-14,169381,Samstag,,0
2017-01-15,154453,Sonntag,,0
2017-01-16,209641,Montag,,1
2017-01-17,215636,Dienstag,,1
2017-01-18,216942,Mittwoch,,1
2017-01-19,218042,Donnerstag,,1
2017-01-20,218170,Freitag,,1
2017-01-21,187921,Samstag,,0
2017-01-22,174193,Sonntag,,0
2017-01-23,226423,Montag,,1
2017-01-24,227529,Dienstag,,1
2017-01-25,225935,Mittwoch,,1
2017-01-26,219114,Donnerstag,,1
2017-01-27,213164,Freitag,,1
2017-01-28,173284,Samstag,,0
2017-01-29,153429,Sonntag,,0
2017-01-30,207452,Montag,,1
2017-01-31,205728,Dienstag,,1
2017-02-01,205019,Mittwoch,,1
2017-02-02,199640,Donnerstag,,1
2017-02-03,195372,Freitag,,1
2017-02-04,161277,Samstag,,0
2017-02-05,143488,Sonntag,,0
2017-02-06,194967,Montag,,1
2017-02-07,201169,Dienstag,,1
2017-02-08,202858,Mittwoch,,1
2017-02-09,208537,Donnerstag,,1
2017-02-10,202439,Freitag,,1
2017-02-11,163472,Samstag,,0
2017-02-12,147495,Sonntag,,0
2017-02-13,204195,Montag,,1
2017-02-14,202589,Dienstag,,1
2017-02-15,201514,Mittwoch,,1
2017-02-16,196320,Donnerstag,,1
2017-02-17,195131,Freitag,,1
2017-02-18,157213,Samstag,,0
2017-02-19,141244,Sonntag,,0
2017-02-20,195180,Montag,,1
2017-02-21,199243,Dienstag,,1
2017-02-22,198775,Mittwoch,,1
2017-02-23,191973,Donnerstag,,1
2017-02-24,191055,Freitag,,1
2017-02-25,152225,Samstag,,0
2017-02-26,133853,Sonntag,,0
2017-02-27,176220,Montag,,1
2017-02-28,188826,Dienstag,,1
2017-03-01,193729,Mittwoch,,1
2017-03-02,188555,Donnerstag,,1
2017-03-03,187023,Freitag,,1
2017-03-04,149050,Samstag,,0
2017-03-05,132983,Sonntag,,0
2017-03-06,188716,Montag,,1
2017-03-07,196302,Dienstag,,1
2017-03-08,196315,Mittwoch,,1
2017-03-09,192137,Donnerstag,,1
2017-03-10,184332,Freitag,,1
2017-03-11,148066,Samstag,,0
2017-03-12,129110,Sonntag,,0
2017-03-13,181454,Montag,,1
2017-03-14,184431,Dienstag,,1
2017-03-15,185736,Mittwoch,,1
2017-03-16,183801,Donnerstag,,1
2017-03-17,179281,Freitag,,1
2017-03-18,148686,Samstag,,0
2017-03-19,128107,Sonntag,,0
2017-03-20,179373,Montag,,1
2017-03-21,186583,Dienstag,,1
2017-03-22,190817,Mittwoch,,1
2017-03-23,184512,Donnerstag,,1
2017-03-24,187209,Freitag,,1
2017-03-25,144227,Samstag,,0
2017-03-26,121413,Sonntag,,0
2017-03-27,179595,Montag,,1
2017-03-28,183974,Dienstag,,1
2017-03-29,183262,Mittwoch,,1
2017-03-30,179217,Donnerstag,,1
2017-03-31,177681,Freitag,,1
2017-04-01,139448,Samstag,,0
2017-04-02,121515,Sonntag,,0
2017-04-03,177048,Montag,,1
2017-04-04,183855,Dienstag,,1
2017-04-05,184082,Mittwoch,,1
2017-04-06,182456,Donnerstag,,1
2017-04-07,176184,Freitag,,1
2017-04-08,136181,Samstag,,0
2017-04-09,118134,Sonntag,,0
2017-04-10,173576,Montag,,1
2017-04-11,176309,Dienstag,,1
2017-04-12,178172,Mittwoch,,1
2017-04-13,172419,Donnerstag,,1
2017-04-14,124092,Freitag,Karfreitag,0
2017-04-15,124654,Samstag,,0
2017-04-16,111217,Sonntag,,0
2017-04-17,115314,Montag,Ostermontag,0
2017-04-18,173479,Dienstag,,1
2017-04-19,183850,Mittwoch,,1
2017-04-20,180015,Donnerstag,,1
2017-04-21,178358,Freitag,,1
2017-04-22,146883,Samstag,,0
2017-04-23,124221,Sonntag,,0
2017-04-24,179671,Montag,,1
2017-04-25,188833,Dienstag,,1
2017-04-26,191052,Mittwoch,,1
2017-04-27,188807,Donnerstag,,1
2017-04-28,181766,Freitag,,1
2017-04-29,140919,Samstag,,0
2017-04-30,121781,Sonntag,,0
2017-05-01,124211,Montag,Erster Mai,0
2017-05-02,178147,Dienstag,,1
2017-05-03,183536,Mittwoch,,1
2017-05-04,185255,Donnerstag,,1
2017-05-05,178576,Freitag,,1
2017-05-06,142677,Samstag,,0
2017-05-07,125408,Sonntag,,0
2017-05-08,184308,Montag,,1
2017-05-09,183206,Dienstag,,1
2017-05-10,180674,Mittwoch,,1
2017-05-11,181006,Donnerstag,,1
2017-05-12,176178,Freitag,,1
2017-05-13,139496,Samstag,,0
2017-05-14,119304,Sonntag,,0
2017-05-15,172654,Montag,,1
2017-05-16,177276,Dienstag,,1
2017-05-17,180331,Mittwoch,,1
2017-05-18,180034,Donnerstag,,1
2017-05-19,178116,Freitag,,1
2017-05-20,137152,Samstag,,0
2017-05-21,116388,Sonntag,,0
2017-05-22,173419,Montag,,1
2017-05-23,180338,Dienstag,,1
2017-05-24,174652,Mittwoch,,1
2017-05-25,125214,Donnerstag,Christi Himmelfahrt,0
2017-05-26,147426,Freitag,,1
2017-05-27,133787,Samstag,,0
2017-05-28,121612,Sonntag,,0
2017-05-29,181527,Montag,,1
2017-05-30,186469,Dienstag,,1
2017-05-31,182413,Mittwoch,,1
2017-06-01,179846,Donnerstag,,1
2017-06-02,177959,Freitag,,1
2017-06-03,136481,Samstag,,0
2017-06-04,107596,Sonntag,,0
2017-06-05,108357,Montag,Pfingstmontag,0
2017-06-06,165299,Dienstag,,1
2017-06-07,171730,Mittwoch,,1
2017-06-08,170080,Donnerstag,,1
2017-06-09,169933,Freitag,,1
2017-06-10,131141,Samstag,,0
2017-06-11,115807,Sonntag,,0
2017-06-12,172737,Montag,,1
2017-06-13,175715,Dienstag,,1
2017-06-14,171802,Mittwoch,,1
2017-06-15,131210,Donnerstag,Fronleichnam,0
2017-06-16,150851,Freitag,,1
2017-06-17,130999,Samstag,,0
2017-06-18,118642,Sonntag,,0
2017-06-19,178722,Montag,,1
2017-06-20,188782,Dienstag,,1
2017-06-21,189658,Mittwoch,,1
2017-06-22,189408,Donnerstag,,1
2017-06-23,185396,Freitag,,1
2017-06-24,143426,Samstag,,0
2017-06-25,123476,Sonntag,,0
2017-06-26,180167,Montag,,1
2017-06-27,188440,Dienstag,,1
2017-06-28,185117,Mittwoch,,1
2017-06-29,177757,Donnerstag,,1
2017-06-30,174025,Freitag,,1
2017-07-01,135861,Samstag,,0
2017-07-02,119352,Sonntag,,0
2017-07-03,173405,Montag,,1
2017-07-04,180578,Dienstag,,1
2017-07-05,183484,Mittwoch,,1
2017-07-06,185245,Donnerstag,,1
2017-07-07,185279,Freitag,,1
2017-07-08,145832,Samstag,,0
2017-07-09,125408,Sonntag,,0
2017-07-10,179620,Montag,,1
2017-07-11,181255,Dienstag,,1
2017-07-12,183170,Mittwoch,,1
2017-07-13,178086,Donnerstag,,1
2017-07-14,176829,Freitag,,1
2017-07-15,137263,Samstag,,0
2017-07-16,119058,Sonntag,,0
2017-07-17,177597,Montag,,1
2017-07-18,186408,Dienstag,,1
2017-07-19,189069,Mittwoch,,1
2017-07-20,184884,Donnerstag,,1
2017-07-21,180141,Freitag,,1
2017-07-22,141744,Samstag,,0
2017-07-23,122287,Sonntag,,0
2017-07-24,175279,Montag,,1
2017-07-25,180266,Dienstag,,1
2017-07-26,179437,Mittwoch,,1
2017-07-27,176199,Donnerstag,,1
2017-07-28,169360,Freitag,,1
2017-07-29,133733,Samstag,,0
2017-07-30,119830,Sonntag,,0
2017-07-31,171195,Montag,,1
2017-08-01,178566,Dienstag,,1
2017-08-02,175419,Mittwoch,,1
2017-08-03,177878,Donnerstag,,1
2017-08-04,170314,Freitag,,1
2017-08-05,134370,Samstag,,0
2017-08-06,112404,Sonntag,,0
2017-08-07,160367,Montag,,1
2017-08-08,167388,Dienstag,,1
2017-08-09,165844,Mittwoch,,1
2017-08-10,165738,Donnerstag,,1
2017-08-11,160837,Freitag,,1
2017-08-12,127236,Samstag,,0
2017-08-13,111734,Sonntag,,0
2017-08-14,157940,Montag,,1
2017-08-15,166110,Dienstag,,1
2017-08-16,164154,Mittwoch,,1
2017-08-17,165438,Donnerstag,,1
2017-08-18,163159,Freitag,,1
2017-08-19,128149,Samstag,,0
2017-08-20,112374,Sonntag,,0
2017-08-21,160409,Montag,,1
2017-08-22,167963,Dienstag,,1
2017-08-23,170226,Mittwoch,,1
2017-08-24,170958,Donnerstag,,1
2017-08-25,169438,Freitag,,1
2017-08-26,136123,Samstag,,0
2017-08-27,119614,Sonntag,,0
2017-08-28,173023,Montag,,1
2017-08-29,179370,Dienstag,,1
2017-08-30,181898,Mittwoch,,1
2017-08-31,177814,Donnerstag,,1
2017-09-01,166165,Freitag,,1
2017-09-02,128102,Samstag,,0
2017-09-03,112472,Sonntag,,0
2017-09-04,165278,Montag,,1
2017-09-05,171769,Dienstag,,1
2017-09-06,173187,Mittwoch,,1
2017-09-07,173101,Donnerstag,,1
2017-09-08,170220,Freitag,,1
2017-09-09,137238,Samstag,,0
2017-09-10,117032,Sonntag,,0
2017-09-11,171496,Montag,,1
2017-09-12,177444,Dienstag,,1
2017-09-13,183385,Mittwoch,,1
2017-09-14,181018,Donnerstag,,1
2017-09-15,172984,Freitag,,1
2017-09-16,137033,Samstag,,0
2017-09-17,119547,Sonntag,,0
2017-09-18,174470,Montag,,1
2017-09-19,181130,Dienstag,,1
2017-09-20,179659,Mittwoch,,1
2017-09-21,175968,Donnerstag,,1
2017-09-22,174250,Freitag,,1
2017-09-23,138032,Samstag,,0
2017-09-24,121802,Sonntag,,0
2017-09-25,173904,Montag,,1
2017-09-26,180007,Dienstag,,1
2017-09-27,181173,Mittwoch,,1
2017-09-28,180621,Donnerstag,,1
2017-09-29,181344,Freitag,,1
2017-09-30,145076,Samstag,,0
2017-10-01,122845,Sonntag,,0
2017-10-02,158101,Montag,,1
2017-10-03,132906,Dienstag,Tag der Deutschen Einheit,0
2017-10-04,179579,Mittwoch,,1
2017-10-05,181230,Donnerstag,,1
2017-10-06,182371,Freitag,,1
2017-10-07,144665,Samstag,,0
2017-10-08,128546,Sonntag,,0
2017-10-09,185718,Montag,,1
2017-10-10,194812,Dienstag,,1
2017-10-11,191720,Mittwoch,,1
2017-10-12,190567,Donnerstag,,1
2017-10-13,186077,Freitag,,1
2017-10-14,148731,Samstag,,0
2017-10-15,128135,Sonntag,,0
2017-10-16,187253,Montag,,1
2017-10-17,191928,Dienstag,,1
2017-10-18,191827,Mittwoch,,1
2017-10-19,191330,Donnerstag,,1
2017-10-20,190763,Freitag,,1
2017-10-21,151967,Samstag,,0
2017-10-22,133788,Sonntag,,0
2017-10-23,193880,Montag,,1
2017-10-24,196219,Dienstag,,1
2017-10-25,196362,Mittwoch,,1
2017-10-26,195431,Donnerstag,,1
2017-10-27,192726,Freitag,,1
2017-10-28,155087,Samstag,,0
2017-10-29,143127,Sonntag,,0
2017-10-30,164823,Montag,,1
2017-10-31,139898,Dienstag,Reformationstag,0
2017-11-01,138189,Mittwoch,Allerheiligen,0
2017-11-02,184883,Donnerstag,,1
2017-11-03,188332,Freitag,,1
2017-11-04,154509,Samstag,,0
2017-11-05,138368,Sonntag,,0
2017-11-06,197441,Montag,,1
2017-11-07,206317,Dienstag,,1
2017-11-08,206907,Mittwoch,,1
2017-11-09,204962,Donnerstag,,1
2017-11-10,202148,Freitag,,1
2017-11-11,163666,Samstag,,0
2017-11-12,147656,Sonntag,,0
2017-11-13,205325,Montag,,1
2017-11-14,209566,Dienstag,,1
2017-11-15,208074,Mittwoch,,1
2017-11-16,210764,Donnerstag,,1
2017-11-17,207029,Freitag,,1
2017-11-18,170141,Samstag,,0
2017-11-19,151785,Sonntag,,0
2017-11-20,207570,Montag,,1
2017-11-21,209947,Dienstag,,1
2017-11-22,209460,Mittwoch,,1
2017-11-23,206972,Donnerstag,,1
2017-11-24,201132,Freitag,,1
2017-11-25,167968,Samstag,,0
2017-11-26,151367,Sonntag,,0
2017-11-27,204918,Montag,,1
2017-11-28,207393,Dienstag,,1
2017-11-29,206676,Mittwoch,,1
2017-11-30,207719,Donnerstag,,1
2017-12-01,203902,Freitag,,1
2017-12-02,169872,Samstag,,0
2017-12-03,154358,Sonntag,,0
2017-12-04,207280,Montag,,1
2017-12-05,208292,Dienstag,,1
2017-12-06,207541,Mittwoch,,1
2017-12-07,204400,Donnerstag,,1
2017-12-08,200726,Freitag,,1
2017-12-09,166916,Samstag,,0
2017-12-10,152338,Sonntag,,0
2017-12-11,202658,Montag,,1
2017-12-12,207809,Dienstag,,1
2017-12-13,205420,Mittwoch,,1
2017-12-14,203347,Donnerstag,,1
2017-12-15,195427,Freitag,,1
2017-12-16,161392,Samstag,,0
2017-12-17,146689,Sonntag,,0
2017-12-18,194808,Montag,,1
2017-12-19,198135,Dienstag,,1
2017-12-20,194305,Mittwoch,,1
2017-12-21,184046,Donnerstag,,1
2017-12-22,166301,Freitag,,1
2017-12-23,139850,Samstag,,0
2017-12-24,123649,Sonntag,,0
2017-12-25,120527,Montag,Erster Weihnachtsfeiertag,0
2017-12-26,124671,Dienstag,Zweiter Weihnachtsfeiertag,0
2017-12-27,145704,Mittwoch,,1
2017-12-28,150171,Donnerstag,,1
2017-12-29,147895,Freitag,,1
2017-12-30,134215,Samstag,,0
2017-12-31,117836,Sonntag,,0
2018-01-01,118195,Montag,Neujahr,0
2018-01-02,161049,Dienstag,,1
2018-01-03,173224,Mittwoch,,1
2018-01-04,174995,Donnerstag,,1
2018-01-05,171133,Freitag,,1
2018-01-06,132830,Samstag,Heilige Drei Koenige,0
2018-01-07,132819,Sonntag,,0
2018-01-08,186829,Montag,,1
2018-01-09,192389,Dienstag,,1
2018-01-10,190873,Mittwoch,,1
2018-01-11,192690,Donnerstag,,1
2018-01-12,191951,Freitag,,1
2018-01-13,157611,Samstag,,0
2018-01-14,142325,Sonntag,,0
2018-01-15,198687,Montag,,1
2018-01-16,202024,Dienstag,,1
2018-01-17,204998,Mittwoch,,1
2018-01-18,201342,Donnerstag,,1
2018-01-19,194608,Freitag,,1
2018-01-20,160868,Samstag,,0
2018-01-21,142446,Sonntag,,0
2018-01-22,195774,Montag,,1
2018-01-23,198490,Dienstag,,1
2018-01-24,192625,Mittwoch,,1
2018-01-25,192734,Donnerstag,,1
2018-01-26,190458,Freitag,,1
2018-01-27,154130,Samstag,,0
2018-01-28,136529,Sonntag,,0
2018-01-29,189766,Montag,,1
2018-01-30,195425,Dienstag,,1
2018-01-31,195726,Mittwoch,,1
2018-02-01,198319,Donnerstag,,1
2018-02-02,192949,Freitag,,1
2018-02-03,157375,Samstag,,0
2018-02-04,143648,Sonntag,,0
2018-02-05,197903,Montag,,1
2018-02-06,200880,Dienstag,,1
2018-02-07,204598,Mittwoch,,1
2018-02-08,200488,Donnerstag,,1
2018-02-09,200206,Freitag,,1
2018-02-10,160797,Samstag,,0
2018-02-11,143119,Sonntag,,0
2018-02-12,191369,Montag,,1
2018-02-13,195973,Dienstag,,1
2018-02-14,200218,Mittwoch,,1
2018-02-15,200560,Donnerstag,,1
2018-02-16,192591,Freitag,,1
2018-02-17,162549,Samstag,,0
2018-02-18,147116,Sonntag,,0
2018-02-19,199291,Montag,,1
2018-02-20,205958,Dienstag,,1
2018-02-21,204991,Mittwoch,,1
2018-02-22,207700,Donnerstag,,1
2018-02-23,204049,Freitag,,1
2018-02-24,164909,Samstag,,0
2018-02-25,148406,Sonntag,,0
2018-02-26,204166,Montag,,1
2018-02-27,213427,Dienstag,,1
2018-02-28,213823,Mittwoch,,1
2018-03-01,212516,Donnerstag,,1
2018-03-02,208625,Freitag,,1
2018-03-03,164974,Samstag,,0
2018-03-04,140174,Sonntag,,0
2018-03-05,186923,Montag,,1
2018-03-06,193768,Dienstag,,1
2018-03-07,194291,Mittwoch,,1
2018-03-08,190690,Donnerstag,,1
2018-03-09,187421,Freitag,,1
2018-03-10,147900,Samstag,,0
2018-03-11,131514,Sonntag,,0
2018-03-12,181404,Montag,,1
2018-03-13,191205,Dienstag,,1
2018-03-14,186844,Mittwoch,,1
2018-03-15,190237,Donnerstag,,1
2018-03-16,185740,Freitag,,1
2018-03-17,159064,Samstag,,0
2018-03-18,149815,Sonntag,,0
2018-03-19,199872,Montag,,1
2018-03-20,203440,Dienstag,,1
2018-03-21,199257,Mittwoch,,1
2018-03-22,198170,Donnerstag,,1
2018-03-23,193871,Freitag,,1
2018-03-24,152956,Samstag,,0
2018-03-25,128291,Sonntag,,0
2018-03-26,187185,Montag,,1
2018-03-27,188066,Dienstag,,1
2018-03-28,186483,Mittwoch,,1
2018-03-29,178924,Donnerstag,,1
2018-03-30,132760,Freitag,Karfreitag,0
2018-03-31,131277,Samstag,,0
2018-04-01,118972,Sonntag,,0
2018-04-02,118212,Montag,Ostermontag,0
2018-04-03,170247,Dienstag,,1
2018-04-04,178996,Mittwoch,,1
2018-04-05,181970,Donnerstag,,1
2018-04-06,175977,Freitag,,1
2018-04-07,140424,Samstag,,0
2018-04-08,120971,Sonntag,,0
2018-04-09,176705,Montag,,1
2018-04-10,178799,Dienstag,,1
2018-04-11,178382,Mittwoch,,1
2018-04-12,177508,Donnerstag,,1
2018-04-13,178873,Freitag,,1
2018-04-14,139107,Samstag,,0
2018-04-15,119653,Sonntag,,0
2018-04-16,174499,Montag,,1
2018-04-17,177741,Dienstag,,1
2018-04-18,175640,Mittwoch,,1
2018-04-19,175510,Donnerstag,,1
2018-04-20,174917,Freitag,,1
2018-04-21,137659,Samstag,,0
2018-04-22,118820,Sonntag,,0
2018-04-23,176552,Montag,,1
2018-04-24,178841,Dienstag,,1
2018-04-25,179389,Mittwoch,,1
2018-04-26,177095,Donnerstag,,1
2018-04-27,172812,Freitag,,1
2018-04-28,135262,Samstag,,0
2018-04-29,116419,Sonntag,,0
2018-04-30,148845,Montag,,1
2018-05-01,119018,Dienstag,Erster Mai,0
2018-05-02,168906,Mittwoch,,1
2018-05-03,176852,Donnerstag,,1
2018-05-04,173264,Freitag,,1
2018-05-05,135949,Samstag,,0
2018-05-06,118165,Sonntag,,0
2018-05-07,172476,Montag,,1
2018-05-08,177583,Dienstag,,1
2018-05-09,173428,Mittwoch,,1
2018-05-10,129273,Donnerstag,Christi Himmelfahrt,0
2018-05-11,147841,Freitag,,1
2018-05-12,130672,Samstag,,0
2018-05-13,119221,Sonntag,,0
2018-05-14,175905,Montag,,1
2018-05-15,177819,Dienstag,,1
2018-05-16,180202,Mittwoch,,1
2018-05-17,178351,Donnerstag,,1
2018-05-18,170735,Freitag,,1
2018-05-19,132023,Samstag,,0
2018-05-20,110677,Sonntag,,0
2018-05-21,110895,Montag,Pfingstmontag,0
2018-05-22,163699,Dienstag,,1
2018-05-23,168934,Mittwoch,,1
2018-05-24,169923,Donnerstag,,1
2018-05-25,165134,Freitag,,1
2018-05-26,131168,Samstag,,0
2018-05-27,115430,Sonntag,,0
2018-05-28,170517,Montag,,1
2018-05-29,175327,Dienstag,,1
2018-05-30,169792,Mittwoch,,1
2018-05-31,126572,Donnerstag,Fronleichnam,0
2018-06-01,144611,Freitag,,1
2018-06-02,127865,Samstag,,0
2018-06-03,116131,Sonntag,,0
2018-06-04,173602,Montag,,1
2018-06-05,183391,Dienstag,,1
2018-06-06,185484,Mittwoch,,1
2018-06-07,180891,Donnerstag,,1
2018-06-08,179573,Freitag,,1
2018-06-09,140200,Samstag,,0
2018-06-10,122041,Sonntag,,0
2018-06-11,180427,Montag,,1
2018-06-12,183297,Dienstag,,1
2018-06-13,180048,Mittwoch,,1
2018-06-14,176026,Donnerstag,,1
2018-06-15,170357,Freitag,,1
2018-06-16,135189,Samstag,,0
2018-06-17,119392,Sonntag,,0
2018-06-18,172198,Montag,,1
2018-06-19,180049,Dienstag,,1
2018-06-20,182648,Mittwoch,,1
2018-06-21,182984,Donnerstag,,1
2018-06-22,172690,Freitag,,1
2018-06-23,135386,Samstag,,0
2018-06-24,116861,Sonntag,,0
2018-06-25,172312,Montag,,1
2018-06-26,181163,Dienstag,,1
2018-06-27,179584,Mittwoch,,1
2018-06-28,178051,Donnerstag,,1
2018-06-29,177831,Freitag,,1
2018-06-30,146701,Samstag,,0
2018-07-01,129213,Sonntag,,0
2018-07-02,180783,Montag,,1
2018-07-03,185112,Dienstag,,1
2018-07-04,183526,Mittwoch,,1
2018-07-05,183201,Donnerstag,,1
2018-07-06,179227,Freitag,,1
2018-07-07,137862,Samstag,,0
2018-07-08,119500,Sonntag,,0
2018-07-09,175378,Montag,,1
2018-07-10,179712,Dienstag,,1
2018-07-11,177878,Mittwoch,,1
2018-07-12,176321,Donnerstag,,1
2018-07-13,176369,Freitag,,1
2018-07-14,139777,Samstag,,0
2018-07-15,122918,Sonntag,,0
2018-07-16,175164,Montag,,1
2018-07-17,182768,Dienstag,,1
2018-07-18,182190,Mittwoch,,1
2018-07-19,179597,Donnerstag,,1
2018-07-20,179264,Freitag,,1
2018-07-21,140395,Samstag,,0
2018-07-22,122651,Sonntag,,0
2018-07-23,175018,Montag,,1
2018-07-24,182553,Dienstag,,1
2018-07-25,184927,Mittwoch,,1
2018-07-26,184368,Donnerstag,,1
2018-07-27,179094,Freitag,,1
2018-07-28,142529,Samstag,,0
2018-07-29,123996,Sonntag,,0
2018-07-30,177708,Montag,,1
2018-07-31,184985,Dienstag,,1
2018-08-01,184313,Mittwoch,,1
2018-08-02,180680,Donnerstag,,1
2018-08-03,177614,Freitag,,1
2018-08-04,144731,Samstag,,0
2018-08-05,127087,Sonntag,,0
2018-08-06,172200,Montag,,1
2018-08-07,180015,Dienstag,,1
2018-08-08,176320,Mittwoch,,1
2018-08-09,171896,Donnerstag,,1
2018-08-10,162429,Freitag,,1
2018-08-11,130937,Samstag,,0
2018-08-12,115706,Sonntag,,0
2018-08-13,162445,Montag,,1
2018-08-14,165302,Dienstag,,1
2018-08-15,163520,Mittwoch,,1
2018-08-16,163903,Donnerstag,,1
2018-08-17,165345,Freitag,,1
2018-08-18,134543,Samstag,,0
2018-08-19,120382,Sonntag,,0
2018-08-20,167523,Montag,,1
2018-08-21,173897,Dienstag,,1
2018-08-22,176594,Mittwoch,,1
2018-08-23,177707,Donnerstag,,1
2018-08-24,171022,Freitag,,1
2018-08-25,133229,Samstag,,0
2018-08-26,115058,Sonntag,,0
2018-08-27,166242,Montag,,1
2018-08-28,171532,Dienstag,,1
2018-08-29,174708,Mittwoch,,1
2018-08-30,174797,Donnerstag,,1
2018-08-31,172517,Freitag,,1
2018-09-01,131799,Samstag,,0
2018-09-02,118924,Sonntag,,0
2018-09-03,170638,Montag,,1
2018-09-04,174883,Dienstag,,1
2018-09-05,174669,Mittwoch,,1
2018-09-06,175595,Donnerstag,,1
2018-09-07,172749,Freitag,,1
2018-09-08,134642,Samstag,,0
2018-09-09,119320,Sonntag,,0
2018-09-10,172774,Montag,,1
2018-09-11,179020,Dienstag,,1
2018-09-12,179691,Mittwoch,,1
2018-09-13,177698,Donnerstag,,1
2018-09-14,170791,Freitag,,1
2018-09-15,131423,Samstag,,0
2018-09-16,115879,Sonntag,,0
2018-09-17,171463,Montag,,1
2018-09-18,180899,Dienstag,,1
2018-09-19,179269,Mittwoch,,1
2018-09-20,179184,Donnerstag,,1
2018-09-21,178435,Freitag,,1
2018-09-22,136657,Samstag,,0
2018-09-23,123970,Sonntag,,0
2018-09-24,171142,Montag,,1
2018-09-25,176665,Dienstag,,1
2018-09-26,179122,Mittwoch,,1
2018-09-27,178574,Donnerstag,,1
2018-09-28,175506,Freitag,,1
2018-09-29,137475,Samstag,,0
2018-09-30,122827,Sonntag,,0
2018-10-01,176058,Montag,,1
2018-10-02,180127,Dienstag,,1
2018-10-03,137701,Mittwoch,Tag der Deutschen Einheit,0
2018-10-04,171275,Donnerstag,,1
2018-10-05,175193,Freitag,,1
2018-10-06,143186,Samstag,,0
2018-10-07,125952,Sonntag,,0
2018-10-08,178966,Montag,,1
2018-10-09,184151,Dienstag,,1
2018-10-10,182556,Mittwoch,,1
2018-10-11,181939,Donnerstag,,1
2018-10-12,177509,Freitag,,1
2018-10-13,139796,Samstag,,0
2018-10-14,122803,Sonntag,,0
2018-10-15,175614,Montag,,1
2018-10-16,181837,Dienstag,,1
2018-10-17,182562,Mittwoch,,1
2018-10-18,183815,Donnerstag,,1
2018-10-19,179543,Freitag,,1
2018-10-20,142939,Samstag,,0
2018-10-21,126660,Sonntag,,0
2018-10-22,179914,Montag,,1
2018-10-23,188196,Dienstag,,1
2018-10-24,190792,Mittwoch,,1
2018-10-25,188160,Donnerstag,,1
2018-10-26,184022,Freitag,,1
2018-10-27,150742,Samstag,,0
2018-10-28,143949,Sonntag,,0
2018-10-29,191811,Montag,,1
2018-10-30,200672,Dienstag,,1
2018-10-31,188472,Mittwoch,,1
2018-11-01,136131,Donnerstag,Allerheiligen,0
2018-11-02,155932,Freitag,,1
2018-11-03,138136,Samstag,,0
2018-11-04,127196,Sonntag,,0
2018-11-05,182625,Montag,,1
2018-11-06,191343,Dienstag,,1
2018-11-07,188149,Mittwoch,,1
2018-11-08,192128,Donnerstag,,1
2018-11-09,189685,Freitag,,1
2018-11-10,151057,Samstag,,0
2018-11-11,134342,Sonntag,,0
2018-11-12,187186,Montag,,1
2018-11-13,195280,Dienstag,,1
2018-11-14,196771,Mittwoch,,1
2018-11-15,201878,Donnerstag,,1
2018-11-16,197015,Freitag,,1
2018-11-17,158554,Samstag,,0
2018-11-18,143510,Sonntag,,0
2018-11-19,200941,Montag,,1
2018-11-20,204484,Dienstag,,1
2018-11-21,208892,Mittwoch,,1
2018-11-22,209358,Donnerstag,,1
2018-11-23,198404,Freitag,,1
2018-11-24,159140,Samstag,,0
2018-11-25,144438,Sonntag,,0
2018-11-26,201425,Montag,,1
2018-11-27,210428,Dienstag,,1
2018-11-28,214748,Mittwoch,,1
2018-11-29,213018,Donnerstag,,1
2018-11-30,207260,Freitag,,1
2018-12-01,162385,Samstag,,0
2018-12-02,149311,Sonntag,,0
2018-12-03,199805,Montag,,1
2018-12-04,201451,Dienstag,,1
2018-12-05,199020,Mittwoch,,1
2018-12-06,196552,Donnerstag,,1
2018-12-07,194222,Freitag,,1
2018-12-08,162419,Samstag,,0
2018-12-09,146493,Sonntag,,0
2018-12-10,197660,Montag,,1
2018-12-11,204320,Dienstag,,1
2018-12-12,203275,Mittwoch,,1
2018-12-13,206016,Donnerstag,,1
2018-12-14,200783,Freitag,,1
2018-12-15,169548,Samstag,,0
2018-12-16,153634,Sonntag,,0
2018-12-17,194645,Montag,,1
2018-12-18,196350,Dienstag,,1
2018-12-19,195779,Mittwoch,,1
2018-12-20,183236,Donnerstag,,1
2018-12-21,168293,Freitag,,1
2018-12-22,139562,Samstag,,0
2018-12-23,127697,Sonntag,,0
2018-12-24,130757,Montag,,1
2018-12-25,127975,Dienstag,Erster Weihnachtsfeiertag,0
2018-12-26,129770,Mittwoch,Zweiter Weihnachtsfeiertag,0
2018-12-27,147069,Donnerstag,,1
2018-12-28,144261,Freitag,,1
2018-12-29,139714,Samstag,,0
2018-12-30,129681,Sonntag,,0
2018-12-31,128805,Montag,,1
2019-01-01,124915,Dienstag,Neujahr,0
2019-01-02,164019,Mittwoch,,1
2019-01-03,174042,Donnerstag,,1
2019-01-04,174016,Freitag,,1
2019-01-05,155259,Samstag,,0
2019-01-06,141466,Sonntag,Heilige Drei Koenige,0
2019-01-07,190965,Montag,,1
2019-01-08,201944,Dienstag,,1
2019-01-09,203600,Mittwoch,,1
2019-01-10,205055,Donnerstag,,1
2019-01-11,208659,Freitag,,1
2019-01-12,172606,Samstag,,0
2019-01-13,153243,Sonntag,,0
2019-01-14,200550,Montag,,1
2019-01-15,202795,Dienstag,,1
2019-01-16,196227,Mittwoch,,1
2019-01-17,201728,Donnerstag,,1
2019-01-18,197515,Freitag,,1
2019-01-19,166502,Samstag,,0
2019-01-20,150455,Sonntag,,0
2019-01-21,200704,Montag,,1
2019-01-22,208256,Dienstag,,1
2019-01-23,213993,Mittwoch,,1
2019-01-24,212465,Donnerstag,,1
2019-01-25,204381,Freitag,,1
2019-01-26,164625,Samstag,,0
2019-01-27,144861,Sonntag,,0
2019-01-28,199807,Montag,,1
2019-01-29,204137,Dienstag,,1
2019-01-30,206341,Mittwoch,,1
2019-01-31,204099,Donnerstag,,1
2019-02-01,198994,Freitag,,1
2019-02-02,157541,Samstag,,0
2019-02-03,148988,Sonntag,,0
2019-02-04,197439,Montag,,1
2019-02-05,201967,Dienstag,,1
2019-02-06,204191,Mittwoch,,1
2019-02-07,204165,Donnerstag,,1
2019-02-08,194943,Freitag,,1
2019-02-09,160009,Samstag,,0
2019-02-10,141995,Sonntag,,0
2019-02-11,198037,Montag,,1
2019-02-12,202036,Dienstag,,1
2019-02-13,199460,Mittwoch,,1
2019-02-14,195958,Donnerstag,,1
2019-02-15,190668,Freitag,,1
2019-02-16,153904,Samstag,,0
2019-02-17,136244,Sonntag,,0
2019-02-18,187392,Montag,,1
2019-02-19,194638,Dienstag,,1
2019-02-20,191925,Mittwoch,,1
2019-02-21,189754,Donnerstag,,1
2019-02-22,185775,Freitag,,1
2019-02-23,151560,Samstag,,0
2019-02-24,134578,Sonntag,,0
2019-02-25,184559,Montag,,1
2019-02-26,186599,Dienstag,,1
2019-02-27,187009,Mittwoch,,1
2019-02-28,183774,Donnerstag,,1
2019-03-01,183636,Freitag,,1
2019-03-02,145560,Samstag,,0
2019-03-03,132335,Sonntag,,0
2019-03-04,181429,Montag,,1
2019-03-05,187479,Dienstag,,1
2019-03-06,186116,Mittwoch,,1
2019-03-07,186836,Donnerstag,,1
2019-03-08,185140,Freitag,,1
2019-03-09,153534,Samstag,,0
2019-03-10,134550,Sonntag,,0
2019-03-11,191153,Montag,,1
2019-03-12,190995,Dienstag,,1
2019-03-13,195048,Mittwoch,,1
2019-03-14,197388,Donnerstag,,1
2019-03-15,193305,Freitag,,1
2019-03-16,150373,Samstag,,0
2019-03-17,139036,Sonntag,,0
2019-03-18,190362,Montag,,1
2019-03-19,191248,Dienstag,,1
2019-03-20,188642,Mittwoch,,1
2019-03-21,184526,Donnerstag,,1
2019-03-22,180078,Freitag,,1
2019-03-23,141867,Samstag,,0
2019-03-24,124683,Sonntag,,0
2019-03-25,182437,Montag,,1
2019-03-26,188176,Dienstag,,1
2019-03-27,186477,Mittwoch,,1
2019-03-28,180440,Donnerstag,,1
2019-03-29,174988,Freitag,,1
2019-03-30,139599,Samstag,,0
2019-03-31,119484,Sonntag,,0
2019-04-01,175439,Montag,,1
2019-04-02,182838,Dienstag,,1
2019-04-03,187706,Mittwoch,,1
2019-04-04,190466,Donnerstag,,1
2019-04-05,184720,Freitag,,1
2019-04-06,143552,Samstag,,0
2019-04-07,127146,Sonntag,,0
2019-04-08,178958,Montag,,1
2019-04-09,186598,Dienstag,,1
2019-04-10,188288,Mittwoch,,1
2019-04-11,182856,Donnerstag,,1
2019-04-12,181063,Freitag,,1
2019-04-13,146944,Samstag,,0
2019-04-14,132511,Sonntag,,0
2019-04-15,178583,Montag,,1
2019-04-16,182745,Dienstag,,1
2019-04-17,181643,Mittwoch,,1
2019-04-18,172288,Donnerstag,,1
2019-04-19,122074,Freitag,Karfreitag,0
2019-04-20,120414,Samstag,,0
2019-04-21,105260,Sonntag,,0
2019-04-22,111421,Montag,Ostermontag,0
2019-04-23,164488,Dienstag,,1
2019-04-24,170454,Mittwoch,,1
2019-04-25,170031,Donnerstag,,1
2019-04-26,170050,Freitag,,1
2019-04-27,132784,Samstag,,0
2019-04-28,117837,Sonntag,,0
2019-04-29,169570,Montag,,1
2019-04-30,172894,Dienstag,,1
2019-05-01,119668,Mittwoch,Erster Mai,0
2019-05-02,166037,Donnerstag,,1
2019-05-03,173564,Freitag,,1
2019-05-04,141386,Samstag,,0
2019-05-05,126618,Sonntag,,0
2019-05-06,178534,Montag,,1
2019-05-07,178613,Dienstag,,1
2019-05-08,183028,Mittwoch,,1
2019-05-09,179972,Donnerstag,,1
2019-05-10,173846,Freitag,,1
2019-05-11,139148,Samstag,,0
2019-05-12,121642,Sonntag,,0
2019-05-13,171861,Montag,,1
2019-05-14,177040,Dienstag,,1
2019-05-15,176978,Mittwoch,,1
2019-05-16,176935,Donnerstag,,1
2019-05-17,172315,Freitag,,1
2019-05-18,135158,Samstag,,0
2019-05-19,119757,Sonntag,,0
2019-05-20,174192,Montag,,1
2019-05-21,184328,Dienstag,,1
2019-05-22,177515,Mittwoch,,1
2019-05-23,173196,Donnerstag,,1
2019-05-24,169861,Freitag,,1
2019-05-25,133112,Samstag,,0
2019-05-26,115999,Sonntag,,0
2019-05-27,168322,Montag,,1
2019-05-28,173986,Dienstag,,1
2019-05-29,170646,Mittwoch,,1
2019-05-30,121465,Donnerstag,Christi Himmelfahrt,0
2019-05-31,139630,Freitag,,1
2019-06-01,125436,Samstag,,0
2019-06-02,116229,Sonntag,,0
2019-06-03,174258,Montag,,1
2019-06-04,178995,Dienstag,,1
2019-06-05,181153,Mittwoch,,1
2019-06-06,177366,Donnerstag,,1
2019-06-07,168044,Freitag,,1
2019-06-08,127766,Samstag,,0
2019-06-09,109143,Sonntag,,0
2019-06-10,114485,Montag,Pfingstmontag,0
2019-06-11,161714,Dienstag,,1
2019-06-12,167243,Mittwoch,,1
2019-06-13,166824,Donnerstag,,1
2019-06-14,166756,Freitag,,1
2019-06-15,131862,Samstag,,0
2019-06-16,115691,Sonntag,,0
2019-06-17,163532,Montag,,1
2019-06-18,173302,Dienstag,,1
2019-06-19,171149,Mittwoch,,1
2019-06-20,125580,Donnerstag,Fronleichnam,0
2019-06-21,142802,Freitag,,1
2019-06-22,128913,Samstag,,0
2019-06-23,116386,Sonntag,,0
2019-06-24,174820,Montag,,1
2019-06-25,185650,Dienstag,,1
2019-06-26,188997,Mittwoch,,1
2019-06-27,187491,Donnerstag,,1
2019-06-28,177436,Freitag,,1
2019-06-29,140518,Samstag,,0
2019-06-30,128453,Sonntag,,0
2019-07-01,182916,Montag,,1
2019-07-02,182284,Dienstag,,1
2019-07-03,180077,Mittwoch,,1
2019-07-04,176985,Donnerstag,,1
2019-07-05,175379,Freitag,,1
2019-07-06,140084,Samstag,,0
2019-07-07,121316,Sonntag,,0
2019-07-08,172252,Montag,,1
2019-07-09,174059,Dienstag,,1
2019-07-10,173182,Mittwoch,,1
2019-07-11,175584,Donnerstag,,1
2019-07-12,174901,Freitag,,1
2019-07-13,132001,Samstag,,0
2019-07-14,117279,Sonntag,,0
2019-07-15,169233,Montag,,1
2019-07-16,174274,Dienstag,,1
2019-07-17,175657,Mittwoch,,1
2019-07-18,175343,Donnerstag,,1
2019-07-19,174603,Freitag,,1
2019-07-20,139869,Samstag,,0
2019-07-21,124083,Sonntag,,0
2019-07-22,177641,Montag,,1
2019-07-23,186264,Dienstag,,1
2019-07-24,191031,Mittwoch,,1
2019-07-25,189776,Donnerstag,,1
2019-07-26,186423,Freitag,,1
2019-07-27,141451,Samstag,,0
2019-07-28,125099,Sonntag,,0
2019-07-29,169220,Montag,,1
2019-07-30,177824,Dienstag,,1
2019-07-31,173420,Mittwoch,,1
2019-08-01,168156,Donnerstag,,1
2019-08-02,165768,Freitag,,1
2019-08-03,129810,Samstag,,0
2019-08-04,115009,Sonntag,,0
2019-08-05,163133,Montag,,1
2019-08-06,168488,Dienstag,,1
2019-08-07,166889,Mittwoch,,1
2019-08-08,159803,Donnerstag,,1
2019-08-09,161708,Freitag,,1
2019-08-10,127807,Samstag,,0
2019-08-11,114528,Sonntag,,0
2019-08-12,154036,Montag,,1
2019-08-13,156553,Dienstag,,1
2019-08-14,155504,Mittwoch,,1
2019-08-15,154009,Donnerstag,,1
2019-08-16,146803,Freitag,,1
2019-08-17,118743,Samstag,,0
2019-08-18,108345,Sonntag,,0
2019-08-19,154872,Montag,,1
2019-08-20,159561,Dienstag,,1
2019-08-21,155999,Mittwoch,,1
2019-08-22,156408,Donnerstag,,1
2019-08-23,154024,Freitag,,1
2019-08-24,121502,Samstag,,0
2019-08-25,109090,Sonntag,,0
2019-08-26,164648,Montag,,1
2019-08-27,172825,Dienstag,,1
2019-08-28,173218,Mittwoch,,1
2019-08-29,172596,Donnerstag,,1
2019-08-30,166892,Freitag,,1
2019-08-31,130326,Samstag,,0
2019-09-01,116742,Sonntag,,0
2019-09-02,163459,Montag,,1
2019-09-03,167509,Dienstag,,1
2019-09-04,167979,Mittwoch,,1
2019-09-05,168290,Donnerstag,,1
2019-09-06,164162,Freitag,,1
2019-09-07,122450,Samstag,,0
2019-09-08,117523,Sonntag,,0
2019-09-09,166200,Montag,,1
2019-09-10,170614,Dienstag,,1
2019-09-11,172090,Mittwoch,,1
2019-09-12,170214,Donnerstag,,1
2019-09-13,166128,Freitag,,1
2019-09-14,129850,Samstag,,0
2019-09-15,116111,Sonntag,,0
2019-09-16,167823,Montag,,1
2019-09-17,174165,Dienstag,,1
2019-09-18,170519,Mittwoch,,1
2019-09-19,167640,Donnerstag,,1
2019-09-20,164179,Freitag,,1
2019-09-21,129095,Samstag,,0
2019-09-22,117463,Sonntag,,0
2019-09-23,171224,Montag,,1
2019-09-24,176997,Dienstag,,1
2019-09-25,180048,Mittwoch,,1
2019-09-26,179719,Donnerstag,,1
2019-09-27,177526,Freitag,,1
2019-09-28,139930,Samstag,,0
2019-09-29,125566,Sonntag,,0
2019-09-30,178306,Montag,,1
2019-10-01,182326,Dienstag,,1
2019-10-02,178415,Mittwoch,,1
2019-10-03,131705,Donnerstag,Tag der Deutschen Einheit,0
2019-10-04,149838,Freitag,,1
2019-10-05,137126,Samstag,,0
2019-10-06,126923,Sonntag,,0
2019-10-07,176672,Montag,,1
2019-10-08,186843,Dienstag,,1
2019-10-09,188816,Mittwoch,,1
2019-10-10,187265,Donnerstag,,1
2019-10-11,180199,Freitag,,1
2019-10-12,144377,Samstag,,0
2019-10-13,126432,Sonntag,,0
2019-10-14,177368,Montag,,1
2019-10-15,186115,Dienstag,,1
2019-10-16,183030,Mittwoch,,1
2019-10-17,182776,Donnerstag,,1
2019-10-18,181063,Freitag,,1
2019-10-19,144410,Samstag,,0
2019-10-20,124508,Sonntag,,0
2019-10-21,179808,Montag,,1
2019-10-22,184958,Dienstag,,1
2019-10-23,184872,Mittwoch,,1
2019-10-24,182242,Donnerstag,,1
2019-10-25,177075,Freitag,,1
2019-10-26,140333,Samstag,,0
2019-10-27,131688,Sonntag,,0
2019-10-28,179969,Montag,,1
2019-10-29,186058,Dienstag,,1
2019-10-30,184980,Mittwoch,,1
2019-10-31,176362,Donnerstag,,1
2019-11-01,131805,Freitag,Allerheiligen,0
2019-11-02,131727,Samstag,,0
2019-11-03,124909,Sonntag,,0
2019-11-04,177365,Montag,,1
2019-11-05,182435,Dienstag,,1
2019-11-06,184958,Mittwoch,,1
2019-11-07,186447,Donnerstag,,1
2019-11-08,186949,Freitag,,1
2019-11-09,148978,Samstag,,0
2019-11-10,135294,Sonntag,,0
2019-11-11,191048,Montag,,1
2019-11-12,194756,Dienstag,,1
2019-11-13,194210,Mittwoch,,1
2019-11-14,194363,Donnerstag,,1
2019-11-15,193148,Freitag,,1
2019-11-16,154797,Samstag,,0
2019-11-17,143323,Sonntag,,0
2019-11-18,191342,Montag,,1
2019-11-19,199507,Dienstag,,1
2019-11-20,200199,Mittwoch,,1
2019-11-21,195292,Donnerstag,,1
2019-11-22,193711,Freitag,,1
2019-11-23,158095,Samstag,,0
2019-11-24,141983,Sonntag,,0
2019-11-25,191706,Montag,,1
2019-11-26,195141,Dienstag,,1
2019-11-27,195733,Mittwoch,,1
2019-11-28,195084,Donnerstag,,1
2019-11-29,191503,Freitag,,1
2019-11-30,149906,Samstag,,0
2019-12-01,141896,Sonntag,,0
2019-12-02,193991,Montag,,1
2019-12-03,198072,Dienstag,,1
2019-12-04,202214,Mittwoch,,1
2019-12-05,202925,Donnerstag,,1
2019-12-06,196841,Freitag,,1
2019-12-07,156925,Samstag,,0
2019-12-08,142067,Sonntag,,0
2019-12-09,191866,Montag,,1
2019-12-10,196662,Dienstag,,1
2019-12-11,201739,Mittwoch,,1
2019-12-12,195148,Donnerstag,,1
2019-12-13,190317,Freitag,,1
2019-12-14,151965,Samstag,,0
2019-12-15,136786,Sonntag,,0
2019-12-16,177823,Montag,,1
2019-12-17,181540,Dienstag,,1
2019-12-18,176395,Mittwoch,,1
2019-12-19,170210,Donnerstag,,1
2019-12-20,159475,Freitag,,1
2019-12-21,133798,Samstag,,0
2019-12-22,124058,Sonntag,,0
2019-12-23,136608,Montag,,1
2019-12-24,123536,Dienstag,,1
2019-12-25,115236,Mittwoch,Erster Weihnachtsfeiertag,0
2019-12-26,114846,Donnerstag,Zweiter Weihnachtsfeiertag,0
2019-12-27,129551,Freitag,,1
2019-12-28,125395,Samstag,,0
2019-12-29,121331,Sonntag,,0
2019-12-30,137130,Montag,,1
2019-12-31,131060,Dienstag,,1
2020-01-01,120931,Mittwoch,Neujahr,0
2020-01-02,149250,Donnerstag,,1
2020-01-03,152645,Freitag,,1
2020-01-04,139629,Samstag,,0
2020-01-05,127212,Sonntag,,0
2020-01-06,133441,Montag,Heilige Drei Koenige,0
2020-01-07,184059,Dienstag,,1
2020-01-08,192440,Mittwoch,,1
2020-01-09,186741,Donnerstag,,1
2020-01-10,186122,Freitag,,1
2020-01-11,150644,Samstag,,0
2020-01-12,144642,Sonntag,,0
2020-01-13,190987,Montag,,1
2020-01-14,198155,Dienstag,,1
2020-01-15,195698,Mittwoch,,1
2020-01-16,189867,Donnerstag,,1
2020-01-17,192170,Freitag,,1
2020-01-18,154946,Samstag,,0
2020-01-19,143034,Sonntag,,0
2020-01-20,194164,Montag,,1
2020-01-21,203484,Dienstag,,1
2020-01-22,205278,Mittwoch,,1
2020-01-23,205094,Donnerstag,,1
2020-01-24,195032,Freitag,,1
2020-01-25,158574,Samstag,,0
2020-01-26,142850,Sonntag,,0
2020-01-27,194453,Montag,,1
2020-01-28,203027,Dienstag,,1
2020-01-29,203582,Mittwoch,,1
2020-01-30,195812,Donnerstag,,1
2020-01-31,189171,Freitag,,1
2020-02-01,150494,Samstag,,0
2020-02-02,136980,Sonntag,,0
2020-02-03,191789,Montag,,1
2020-02-04,200581,Dienstag,,1
2020-02-05,197193,Mittwoch,,1
2020-02-06,194915,Donnerstag,,1
2020-02-07,190252,Freitag,,1
2020-02-08,153672,Samstag,,0
2020-02-09,141601,Sonntag,,0
2020-02-10,188222,Montag,,1
2020-02-11,199837,Dienstag,,1
2020-02-12,200450,Mittwoch,,1
2020-02-13,196667,Donnerstag,,1
2020-02-14,189206,Freitag,,1
2020-02-15,151828,Samstag,,0
2020-02-16,139097,Sonntag,,0
2020-02-17,189144,Montag,,1
2020-02-18,195040,Dienstag,,1
2020-02-19,196662,Mittwoch,,1
2020-02-20,189370,Donnerstag,,1
2020-02-21,184787,Freitag,,1
2020-02-22,150277,Samstag,,0
2020-02-23,134279,Sonntag,,0
2020-02-24,174536,Montag,,1
2020-02-25,184403,Dienstag,,1
2020-02-26,190001,Mittwoch,,1
2020-02-27,195516,Donnerstag,,1
2020-02-28,185447,Freitag,,1
2020-02-29,150748,Samstag,,0
2020-03-01,135945,Sonntag,,0
2020-03-02,185747,Montag,,1
2020-03-03,191185,Dienstag,,1
2020-03-04,191842,Mittwoch,,1
2020-03-05,191763,Donnerstag,,1
2020-03-06,190255,Freitag,,1
2020-03-07,153188,Samstag,,0
2020-03-08,136144,Sonntag,,0
2020-03-09,184626,Montag,,1
2020-03-10,198110,Dienstag,,1
2020-03-11,189576,Mittwoch,,1
2020-03-12,188593,Donnerstag,,1
2020-03-13,182933,Freitag,,1
2020-03-14,146145,Samstag,,0
2020-03-15,131602,Sonntag,,0
2020-03-16,175067,Montag,,1
2020-03-17,178981,Dienstag,,1
2020-03-18,177438,Mittwoch,,1
2020-03-19,169716,Donnerstag,,1
2020-03-20,164177,Freitag,,1
2020-03-21,143800,Samstag,,0
2020-03-22,130469,Sonntag,,0
2020-03-23,167238,Montag,,1
2020-03-24,171343,Dienstag,,1
2020-03-25,170080,Mittwoch,,1
2020-03-26,169532,Donnerstag,,1
2020-03-27,160019,Freitag,,1
2020-03-28,129952,Samstag,,0
2020-03-29,123856,Sonntag,,0
2020-03-30,162809,Montag,,1
2020-03-31,165663,Dienstag,,1
2020-04-01,164032,Mittwoch,,1
2020-04-02,160311,Donnerstag,,1
2020-04-03,156439,Freitag,,1
2020-04-04,127148,Samstag,,0
2020-04-05,118667,Sonntag,,0
2020-04-06,151420,Montag,,1
2020-04-07,153189,Dienstag,,1
2020-04-08,150318,Mittwoch,,1
2020-04-09,142616,Donnerstag,,1
2020-04-10,111233,Freitag,Karfreitag,0
2020-04-11,112010,Samstag,,0
2020-04-12,102469,Sonntag,,0
2020-04-13,105308,Montag,Ostermontag,0
2020-04-14,143089,Dienstag,,1
2020-04-15,150715,Mittwoch,,1
2020-04-16,148527,Donnerstag,,1
2020-04-17,146109,Freitag,,1
2020-04-18,120408,Samstag,,0
2020-04-19,111003,Sonntag,,0
2020-04-20,154405,Montag,,1
2020-04-21,164071,Dienstag,,1
2020-04-22,158484,Mittwoch,,1
2020-04-23,155204,Donnerstag,,1
2020-04-24,150015,Freitag,,1
2020-04-25,122980,Samstag,,0
2020-04-26,113442,Sonntag,,0
2020-04-27,153743,Montag,,1
2020-04-28,161485,Dienstag,,1
2020-04-29,159557,Mittwoch,,1
2020-04-30,155056,Donnerstag,,1
2020-05-01,116289,Freitag,Erster Mai,0
2020-05-02,121121,Samstag,,0
2020-05-03,114397,Sonntag,,0
2020-05-04,160321,Montag,,1
2020-05-05,168110,Dienstag,,1
2020-05-06,164654,Mittwoch,,1
2020-05-07,161891,Donnerstag,,1
2020-05-08,155922,Freitag,,1
2020-05-09,128250,Samstag,,0
2020-05-10,116342,Sonntag,,0
2020-05-11,166222,Montag,,1
2020-05-12,166294,Dienstag,,1
2020-05-13,170440,Mittwoch,,1
2020-05-14,166832,Donnerstag,,1
2020-05-15,158220,Freitag,,1
2020-05-16,126831,Samstag,,0
2020-05-17,113462,Sonntag,,0
2020-05-18,154750,Montag,,1
2020-05-19,159927,Dienstag,,1
2020-05-20,156553,Mittwoch,,1
2020-05-21,116914,Donnerstag,Christi Himmelfahrt,0
2020-05-22,131342,Freitag,,1
2020-05-23,126159,Samstag,,0
2020-05-24,115041,Sonntag,,0
2020-05-25,157617,Montag,,1
2020-05-26,163709,Dienstag,,1
2020-05-27,162175,Mittwoch,,1
2020-05-28,159262,Donnerstag,,1
2020-05-29,151948,Freitag,,1
2020-05-30,122934,Samstag,,0
2020-05-31,104511,Sonntag,,0
2020-06-01,106687,Montag,Pfingstmontag,0
2020-06-02,156183,Dienstag,,1
2020-06-03,166249,Mittwoch,,1
2020-06-04,165410,Donnerstag,,1
2020-06-05,159396,Freitag,,1
2020-06-06,128796,Samstag,,0
2020-06-07,114389,Sonntag,,0
2020-06-08,152213,Montag,,1
2020-06-09,161691,Dienstag,,1
2020-06-10,159062,Mittwoch,,1
2020-06-11,117631,Donnerstag,Fronleichnam,0
2020-06-12,129356,Freitag,,1
2020-06-13,119934,Samstag,,0
2020-06-14,116570,Sonntag,,0
2020-06-15,161846,Montag,,1
2020-06-16,169151,Dienstag,,1
2020-06-17,169810,Mittwoch,,1
2020-06-18,163574,Donnerstag,,1
2020-06-19,158571,Freitag,,1
2020-06-20,124579,Samstag,,0
2020-06-21,112250,Sonntag,,0
2020-06-22,161058,Montag,,1
2020-06-23,168669,Dienstag,,1
2020-06-24,168443,Mittwoch,,1
2020-06-25,165944,Donnerstag,,1
2020-06-26,162973,Freitag,,1
2020-06-27,129441,Samstag,,0
2020-06-28,117432,Sonntag,,0
2020-06-29,160567,Montag,,1
2020-06-30,165579,Dienstag,,1
2020-07-01,170360,Mittwoch,,1
2020-07-02,169094,Donnerstag,,1
2020-07-03,158354,Freitag,,1
2020-07-04,126990,Samstag,,0
2020-07-05,117977,Sonntag,,0
2020-07-06,163485,Montag,,1
2020-07-07,165623,Dienstag,,1
2020-07-08,168499,Mittwoch,,1
2020-07-09,167857,Donnerstag,,1
2020-07-10,162268,Freitag,,1
2020-07-11,127202,Samstag,,0
2020-07-12,114641,Sonntag,,0
2020-07-13,162529,Montag,,1
2020-07-14,170907,Dienstag,,1
2020-07-15,170748,Mittwoch,,1
2020-07-16,169680,Donnerstag,,1
2020-07-17,161848,Freitag,,1
2020-07-18,127810,Samstag,,0
2020-07-19,116963,Sonntag,,0
2020-07-20,167718,Montag,,1
2020-07-21,174208,Dienstag,,1
2020-07-22,174471,Mittwoch,,1
2020-07-23,171629,Donnerstag,,1
2020-07-24,165242,Freitag,,1
2020-07-25,132816,Samstag,,0
2020-07-26,121209,Sonntag,,0
2020-07-27,168351,Montag,,1
2020-07-28,179350,Dienstag,,1
2020-07-29,173761,Mittwoch,,1
2020-07-30,172040,Donnerstag,,1
2020-07-31,166932,Freitag,,1
2020-08-01,136445,Samstag,,0
2020-08-02,121168,Sonntag,,0
2020-08-03,159322,Montag,,1
2020-08-04,161080,Dienstag,,1
2020-08-05,161047,Mittwoch,,1
2020-08-06,161450,Donnerstag,,1
2020-08-07,160976,Freitag,,1
2020-08-08,132212,Samstag,,0
2020-08-09,120328,Sonntag,,0
2020-08-10,161184,Montag,,1
2020-08-11,167873,Dienstag,,1
2020-08-12,169118,Mittwoch,,1
2020-08-13,165390,Donnerstag,,1
2020-08-14,159775,Freitag,,1
2020-08-15,126373,Samstag,,0
2020-08-16,115542,Sonntag,,0
2020-08-17,153868,Montag,,1
2020-08-18,156443,Dienstag,,1
2020-08-19,156131,Mittwoch,,1
2020-08-20,161028,Donnerstag,,1
2020-08-21,159418,Freitag,,1
2020-08-22,127897,Samstag,,0
2020-08-23,112054,Sonntag,,0
2020-08-24,152943,Montag,,1
2020-08-25,159413,Dienstag,,1
2020-08-26,164900,Mittwoch,,1
2020-08-27,160308,Donnerstag,,1
2020-08-28,158355,Freitag,,1
2020-08-29,124430,Samstag,,0
2020-08-30,112780,Sonntag,,0
2020-08-31,157753,Montag,,1
2020-09-01,167083,Dienstag,,1
2020-09-02,165931,Mittwoch,,1
2020-09-03,164280,Donnerstag,,1
2020-09-04,162783,Freitag,,1
2020-09-05,130578,Samstag,,0
2020-09-06,118129,Sonntag,,0
2020-09-07,162407,Montag,,1
2020-09-08,169195,Dienstag,,1
2020-09-09,170605,Mittwoch,,1
2020-09-10,171325,Donnerstag,,1
2020-09-11,167430,Freitag,,1
2020-09-12,133979,Samstag,,0
2020-09-13,119422,Sonntag,,0
2020-09-14,168184,Montag,,1
2020-09-15,175722,Dienstag,,1
2020-09-16,176451,Mittwoch,,1
2020-09-17,174863,Donnerstag,,1
2020-09-18,168787,Freitag,,1
2020-09-19,133679,Samstag,,0
2020-09-20,119570,Sonntag,,0
2020-09-21,168049,Montag,,1
2020-09-22,175789,Dienstag,,1
2020-09-23,176254,Mittwoch,,1
2020-09-24,179694,Donnerstag,,1
2020-09-25,180664,Freitag,,1
2020-09-26,148318,Samstag,,0
2020-09-27,134514,Sonntag,,0
2020-09-28,181462,Montag,,1
2020-09-29,192281,Dienstag,,1
2020-09-30,186541,Mittwoch,,1
2020-10-01,185629,Donnerstag,,1
2020-10-02,181244,Freitag,,1
2020-10-03,138721,Samstag,Tag der Deutschen Einheit,0
2020-10-04,132555,Sonntag,,0
2020-10-05,183334,Montag,,1
2020-10-06,191596,Dienstag,,1
2020-10-07,192214,Mittwoch,,1
2020-10-08,187613,Donnerstag,,1
2020-10-09,184463,Freitag,,1
2020-10-10,151257,Samstag,,0
2020-10-11,138352,Sonntag,,0
2020-10-12,191217,Montag,,1
2020-10-13,196752,Dienstag,,1
2020-10-14,202225,Mittwoch,,1
2020-10-15,200862,Donnerstag,,1
2020-10-16,195983,Freitag,,1
2020-10-17,156403,Samstag,,0
2020-10-18,142175,Sonntag,,0
2020-10-19,188880,Montag,,1
2020-10-20,199271,Dienstag,,1
2020-10-21,197239,Mittwoch,,1
2020-10-22,194274,Donnerstag,,1
2020-10-23,196333,Freitag,,1
2020-10-24,151325,Samstag,,0
2020-10-25,143758,Sonntag,,0
2020-10-26,191413,Montag,,1
2020-10-27,196942,Dienstag,,1
2020-10-28,197563,Mittwoch,,1
2020-10-29,197566,Donnerstag,,1
2020-10-30,189028,Freitag,,1
2020-10-31,149250,Samstag,,0
2020-11-01,140211,Sonntag,Allerheiligen,0
2020-11-02,190430,Montag,,1
2020-11-03,197560,Dienstag,,1
2020-11-04,201756,Mittwoch,,1
2020-11-05,197884,Donnerstag,,1
2020-11-06,196168,Freitag,,1
2020-11-07,155732,Samstag,,0
2020-11-08,141637,Sonntag,,0
2020-11-09,194095,Montag,,1
2020-11-10,202508,Dienstag,,1
2020-11-11,201645,Mittwoch,,1
2020-11-12,198524,Donnerstag,,1
2020-11-13,193523,Freitag,,1
2020-11-14,151092,Samstag,,0
2020-11-15,140016,Sonntag,,0
2020-11-16,196284,Montag,,1
2020-11-17,203489,Dienstag,,1
2020-11-18,202428,Mittwoch,,1
2020-11-19,204432,Donnerstag,,1
2020-11-20,198294,Freitag,,1
2020-11-21,169368,Samstag,,0
2020-11-22,157198,Sonntag,,0
2020-11-23,207460,Montag,,1
2020-11-24,216124,Dienstag,,1
2020-11-25,218578,Mittwoch,,1
2020-11-26,211627,Donnerstag,,1
2020-11-27,204701,Freitag,,1
2020-11-28,170658,Samstag,,0
2020-11-29,159483,Sonntag,,0
2020-11-30,213306,Montag,,1
2020-12-01,221616,Dienstag,,1
2020-12-02,221467,Mittwoch,,1
2020-12-03,219032,Donnerstag,,1
2020-12-04,214748,Freitag,,1
2020-12-05,178284,Samstag,,0
2020-12-06,163940,Sonntag,,0
2020-12-07,212048,Montag,,1
2020-12-08,215660,Dienstag,,1
2020-12-09,221820,Mittwoch,,1
2020-12-10,215915,Donnerstag,,1
2020-12-11,212749,Freitag,,1
2020-12-12,171890,Samstag,,0
2020-12-13,151916,Sonntag,,0
2020-12-14,202750,Montag,,1
2020-12-15,206473,Dienstag,,1
2020-12-16,198525,Mittwoch,,1
2020-12-17,195009,Donnerstag,,1
2020-12-18,187036,Freitag,,1
2020-12-19,158562,Samstag,,0
2020-12-20,144567,Sonntag,,0
2020-12-21,174725,Montag,,1
2020-12-22,171748,Dienstag,,1
2020-12-23,157523,Mittwoch,,1
2020-12-24,133643,Donnerstag,,1
2020-12-25,129471,Freitag,Erster Weihnachtsfeiertag,0
2020-12-26,130925,Samstag,Zweiter Weihnachtsfeiertag,0
2020-12-27,137464,Sonntag,,0
2020-12-28,151492,Montag,,1
2020-12-29,152711,Dienstag,,1
2020-12-30,154993,Mittwoch,,1
2020-12-31,142753,Donnerstag,,1
2021-01-01,131423,Freitag,Neujahr,0
2021-01-02,140812,Samstag,,0
2021-01-03,143167,Sonntag,,0
2021-01-04,178006,Montag,,1
2021-01-05,184918,Dienstag,,1
2021-01-06,161034,Mittwoch,Heilige Drei Koenige,0
2021-01-07,191174,Donnerstag,,1
2021-01-08,196043,Freitag,,1
2021-01-09,168608,Samstag,,0
2021-01-10,155158,Sonntag,,0
2021-01-11,211199,Montag,,1
2021-01-12,221813,Dienstag,,1
2021-01-13,217226,Mittwoch,,1
2021-01-14,215349,Donnerstag,,1
2021-01-15,211312,Freitag,,1
2021-01-16,176657,Samstag,,0
2021-01-17,164047,Sonntag,,0
2021-01-18,212066,Montag,,1
2021-01-19,219864,Dienstag,,1
2021-01-20,216292,Mittwoch,,1
2021-01-21,209516,Donnerstag,,1
2021-01-22,201172,Freitag,,1
2021-01-23,169779,Samstag,,0
2021-01-24,156984,Sonntag,,0
2021-01-25,210762,Montag,,1
2021-01-26,216580,Dienstag,,1
2021-01-27,217311,Mittwoch,,1
2021-01-28,208498,Donnerstag,,1
2021-01-29,199412,Freitag,,1
2021-01-30,165215,Samstag,,0
2021-01-31,153088,Sonntag,,0
2021-02-01,202833,Montag,,1
2021-02-02,205271,Dienstag,,1
2021-02-03,203756,Mittwoch,,1
2021-02-04,201186,Donnerstag,,1
2021-02-05,196824,Freitag,,1
2021-02-06,161927,Samstag,,0
2021-02-07,150900,Sonntag,,0
2021-02-08,208180,Montag,,1
2021-02-09,219166,Dienstag,,1
2021-02-10,222193,Mittwoch,,1
2021-02-11,222761,Donnerstag,,1
2021-02-12,218654,Freitag,,1
2021-02-13,183653,Samstag,,0
2021-02-14,164960,Sonntag,,0
2021-02-15,213699,Montag,,1
2021-02-16,207042,Dienstag,,1
2021-02-17,205745,Mittwoch,,1
2021-02-18,202674,Donnerstag,,1
2021-02-19,194449,Freitag,,1
2021-02-20,154250,Samstag,,0
2021-02-21,139916,Sonntag,,0
2021-02-22,191371,Montag,,1
2021-02-23,192882,Dienstag,,1
2021-02-24,191329,Mittwoch,,1
2021-02-25,189095,Donnerstag,,1
2021-02-26,187404,Freitag,,1
2021-02-27,151802,Samstag,,0
2021-02-28,140891,Sonntag,,0
2021-03-01,188650,Montag,,1
2021-03-02,192149,Dienstag,,1
2021-03-03,196654,Mittwoch,,1
2021-03-04,190743,Donnerstag,,1
2021-03-05,196358,Freitag,,1
2021-03-06,161668,Samstag,,0
2021-03-07,149223,Sonntag,,0
2021-03-08,198265,Montag,,1
2021-03-09,205881,Dienstag,,1
2021-03-10,200384,Mittwoch,,1
2021-03-11,201482,Donnerstag,,1
2021-03-12,194975,Freitag,,1
2021-03-13,163833,Samstag,,0
2021-03-14,147986,Sonntag,,0
2021-03-15,196609,Montag,,1
2021-03-16,201816,Dienstag,,1
2021-03-17,199780,Mittwoch,,1
2021-03-18,199230,Donnerstag,,1
2021-03-19,196588,Freitag,,1
2021-03-20,161929,Samstag,,0
2021-03-21,152525,Sonntag,,0
2021-03-22,201437,Montag,,1
2021-03-23,204880,Dienstag,,1
2021-03-24,197672,Mittwoch,,1
2021-03-25,193397,Donnerstag,,1
2021-03-26,185453,Freitag,,1
2021-03-27,152465,Samstag,,0
2021-03-28,131824,Sonntag,,0
2021-03-29,183147,Montag,,1
2021-03-30,184709,Dienstag,,1
2021-03-31,181604,Mittwoch,,1
2021-04-01,175125,Donnerstag,,1
2021-04-02,130015,Freitag,Karfreitag,0
2021-04-03,133528,Samstag,,0
2021-04-04,119636,Sonntag,,0
2021-04-05,130802,Montag,Ostermontag,0
2021-04-06,188357,Dienstag,,1
2021-04-07,199550,Mittwoch,,1
2021-04-08,195562,Donnerstag,,1
2021-04-09,189779,Freitag,,1
2021-04-10,151553,Samstag,,0
2021-04-11,141812,Sonntag,,0
2021-04-12,195595,Montag,,1
2021-04-13,202048,Dienstag,,1
2021-04-14,204067,Mittwoch,,1
2021-04-15,200061,Donnerstag,,1
2021-04-16,197584,Freitag,,1
2021-04-17,161575,Samstag,,0
2021-04-18,148241,Sonntag,,0
2021-04-19,198131,Montag,,1
2021-04-20,198781,Dienstag,,1
2021-04-21,193487,Mittwoch,,1
2021-04-22,189453,Donnerstag,,1
2021-04-23,185110,Freitag,,1
2021-04-24,146840,Samstag,,0
2021-04-25,132381,Sonntag,,0
2021-04-26,181556,Montag,,1
2021-04-27,188308,Dienstag,,1
2021-04-28,191559,Mittwoch,,1
2021-04-29,188774,Donnerstag,,1
2021-04-30,187652,Freitag,,1
2021-05-01,134964,Samstag,Erster Mai,0
2021-05-02,132987,Sonntag,,0
2021-05-03,184986,Montag,,1
2021-05-04,194400,Dienstag,,1
2021-05-05,191998,Mittwoch,,1
2021-05-06,197281,Donnerstag,,1
2021-05-07,187396,Freitag,,1
2021-05-08,146926,Samstag,,0
2021-05-09,130745,Sonntag,,0
2021-05-10,181432,Montag,,1
2021-05-11,191168,Dienstag,,1
2021-05-12,184286,Mittwoch,,1
2021-05-13,136476,Donnerstag,Christi Himmelfahrt,0
2021-05-14,150949,Freitag,,1
2021-05-15,137400,Samstag,,0
2021-05-16,130168,Sonntag,,0
2021-05-17,178814,Montag,,1
2021-05-18,185590,Dienstag,,1
2021-05-19,186420,Mittwoch,,1
2021-05-20,184356,Donnerstag,,1
2021-05-21,182030,Freitag,,1
2021-05-22,140221,Samstag,,0
2021-05-23,119942,Sonntag,,0
2021-05-24,125709,Montag,Pfingstmontag,0
2021-05-25,173693,Dienstag,,1
2021-05-26,183795,Mittwoch,,1
2021-05-27,181862,Donnerstag,,1
2021-05-28,175524,Freitag,,1
2021-05-29,138663,Samstag,,0
2021-05-30,123736,Sonntag,,0
2021-05-31,172255,Montag,,1
2021-06-01,177621,Dienstag,,1
2021-06-02,175455,Mittwoch,,1
2021-06-03,140797,Donnerstag,Fronleichnam,0
2021-06-04,157555,Freitag,,1
2021-06-05,140725,Samstag,,0
2021-06-06,131634,Sonntag,,0
2021-06-07,185772,Montag,,1
2021-06-08,189768,Dienstag,,1
2021-06-09,190471,Mittwoch,,1
2021-06-10,188816,Donnerstag,,1
2021-06-11,183969,Freitag,,1
2021-06-12,145650,Samstag,,0
2021-06-13,129370,Sonntag,,0
2021-06-14,183096,Montag,,1
2021-06-15,192604,Dienstag,,1
2021-06-16,195981,Mittwoch,,1
2021-06-17,195340,Donnerstag,,1
2021-06-18,194587,Freitag,,1
2021-06-19,155021,Samstag,,0
2021-06-20,138551,Sonntag,,0
2021-06-21,185769,Montag,,1
2021-06-22,190220,Dienstag,,1
2021-06-23,193029,Mittwoch,,1
2021-06-24,188629,Donnerstag,,1
2021-06-25,184801,Freitag,,1
2021-06-26,144769,Samstag,,0
2021-06-27,131692,Sonntag,,0
2021-06-28,188309,Montag,,1
2021-06-29,190641,Dienstag,,1
2021-06-30,187699,Mittwoch,,1
2021-07-01,185196,Donnerstag,,1
2021-07-02,179197,Freitag,,1
2021-07-03,144590,Samstag,,0
2021-07-04,131980,Sonntag,,0
2021-07-05,183363,Montag,,1
2021-07-06,189976,Dienstag,,1
2021-07-07,186688,Mittwoch,,1
2021-07-08,188492,Donnerstag,,1
2021-07-09,181727,Freitag,,1
2021-07-10,147334,Samstag,,0
2021-07-11,132840,Sonntag,,0
2021-07-12,184734,Montag,,1
2021-07-13,193347,Dienstag,,1
2021-07-14,189950,Mittwoch,,1
2021-07-15,189698,Donnerstag,,1
2021-07-16,183186,Freitag,,1
2021-07-17,143856,Samstag,,0
2021-07-18,127268,Sonntag,,0
2021-07-19,178945,Montag,,1
2021-07-20,183878,Dienstag,,1
2021-07-21,185562,Mittwoch,,1
2021-07-22,186822,Donnerstag,,1
2021-07-23,182585,Freitag,,1
2021-07-24,148231,Samstag,,0
2021-07-25,132931,Sonntag,,0
2021-07-26,182907,Montag,,1
2021-07-27,187647,Dienstag,,1
2021-07-28,184550,Mittwoch,,1
2021-07-29,180267,Donnerstag,,1
2021-07-30,176930,Freitag,,1
2021-07-31,142842,Samstag,,0
2021-08-01,128451,Sonntag,,0
2021-08-02,169754,Montag,,1
2021-08-03,174071,Dienstag,,1
2021-08-04,171961,Mittwoch,,1
2021-08-05,169184,Donnerstag,,1
2021-08-06,167371,Freitag,,1
2021-08-07,135425,Samstag,,0
2021-08-08,119860,Sonntag,,0
2021-08-09,157928,Montag,,1
2021-08-10,162894,Dienstag,,1
2021-08-11,165211,Mittwoch,,1
2021-08-12,166114,Donnerstag,,1
2021-08-13,166279,Freitag,,1
2021-08-14,139298,Samstag,,0
2021-08-15,128672,Sonntag,,0
2021-08-16,166451,Montag,,1
2021-08-17,164512,Dienstag,,1
2021-08-18,166299,Mittwoch,,1
2021-08-19,168886,Donnerstag,,1
2021-08-20,164679,Freitag,,1
2021-08-21,137287,Samstag,,0
2021-08-22,124606,Sonntag,,0
2021-08-23,168460,Montag,,1
2021-08-24,176630,Dienstag,,1
2021-08-25,175628,Mittwoch,,1
2021-08-26,176419,Donnerstag,,1
2021-08-27,174359,Freitag,,1
2021-08-28,140483,Samstag,,0
2021-08-29,130834,Sonntag,,0
2021-08-30,179559,Montag,,1
2021-08-31,187846,Dienstag,,1
