datum,verbrauch,arbeitstag,temperatur,tagesstunden
2015-01-01,126197,0,-2.5,8.4
2015-01-02,147085,1,-0.0,8.4
2015-01-03,141426,0,1.2,8.4
2015-01-04,132446,0,-0.2,8.4
2015-01-05,152611,1,-0.5,8.4
2015-01-06,140474,0,0.6,8.4
2015-01-07,184936,1,0.9,8.5
2015-01-08,190395,1,4.2,8.5
2015-01-09,186902,1,5.8,8.5
2015-01-10,150311,0,10.4,8.6
2015-01-11,140494,0,2.6,8.6
2015-01-12,194573,1,3.2,8.6
2015-01-13,196391,1,4.9,8.6
2015-01-14,198853,1,4.9,8.7
2015-01-15,198241,1,5.5,8.7
2015-01-16,194680,1,5.3,8.8
2015-01-17,161724,0,2.5,8.8
2015-01-18,143315,0,0.9,8.8
2015-01-19,200367,1,1.3,8.9
2015-01-20,205528,1,-0.3,8.9
2015-01-21,208345,1,-0.2,9.0
2015-01-22,206560,1,-0.6,9.0
2015-01-23,203941,1,0.2,9.0
2015-01-24,165210,0,-0.3,9.1
2015-01-25,147031,0,-0.9,9.1
2015-01-26,203719,1,-0.1,9.2
2015-01-27,206391,1,0.3,9.2
2015-01-28,205776,1,0.4,9.3
2015-01-29,202524,1,1.0,9.3
2015-01-30,199673,1,-0.7,9.4
2015-01-31,161846,0,-1.2,9.4
2015-02-01,146048,0,-0.8,9.5
2015-02-02,201114,1,-1.2,9.5
2015-02-03,206732,1,-5.9,9.6
2015-02-04,210222,1,-3.8,9.6
2015-02-05,208601,1,-3.1,9.7
2015-02-06,206607,1,-3.3,9.7
2015-02-07,168175,0,-5.6,9.8
2015-02-08,150782,0,-0.6,9.8
2015-02-09,204605,1,-0.7,9.9
2015-02-10,206257,1,0.8,9.9
2015-02-11,205914,1,0.9,10.0
2015-02-12,202478,1,1.2,10.0
2015-02-13,197657,1,1.5,10.1
2015-02-14,158154,0,1.7,10.1
2015-02-15,143733,0,-0.1,10.2
2015-02-16,190642,1,0.5,10.2
2015-02-17,198623,1,-0.2,10.3
2015-02-18,204060,1,-0.1,10.4
2015-02-19,200654,1,0.8,10.4
2015-02-20,193769,1,3.4,10.5
2015-02-21,157162,0,2.8,10.5
2015-02-22,141683,0,1.5,10.6
2015-02-23,197856,1,1.8,10.7
2015-02-24,199651,1,2.4,10.7
2015-02-25,198812,1,2.2,10.8
2015-02-26,197240,1,3.1,10.8
2015-02-27,195773,1,2.5,10.9
2015-02-28,157049,0,1.6,10.9
2015-03-01,138501,0,4.7,11.0
2015-03-02,193448,1,5.8,11.1
2015-03-03,197452,1,4.3,11.1
2015-03-04,197791,1,2.7,11.2
2015-03-05,197014,1,2.3,11.2
2015-03-06,191946,1,3.9,11.3
2015-03-07,155187,0,5.1,11.4
2015-03-08,134679,0,7.3,11.4
2015-03-09,185888,1,8.9,11.5
2015-03-10,192527,1,6.5,11.5
2015-03-11,191323,1,5.1,11.6
2015-03-12,191798,1,5.4,11.6
2015-03-13,189559,1,5.2,11.7
2015-03-14,153521,0,6.0,11.8
2015-03-15,134898,0,6.1,11.8
2015-03-16,186802,1,6.9,11.9
2015-03-17,190014,1,6.6,12.0
2015-03-18,187877,1,5.6,12.0
2015-03-19,184549,1,9.8,12.1
2015-03-20,183316,1,10.0,12.1
2015-03-21,149518,0,8.0,12.2
2015-03-22,132688,0,5.0,12.2
2015-03-23,188300,1,7.2,12.3
2015-03-24,191770,1,9.6,12.4
2015-03-25,190370,1,9.8,12.4
2015-03-26,192763,1,6.6,12.5
2015-03-27,188168,1,6.8,12.6
2015-03-28,148211,0,8.5,12.6
2015-03-29,124619,0,9.5,12.7
2015-03-30,187126,1,7.3,12.7
2015-03-31,186406,1,9.2,12.8
2015-04-01,190296,1,4.1,12.8
2015-04-02,187682,1,4.6,12.9
2015-04-03,135766,0,6.6,13.0
2015-04-04,135151,0,3.9,13.0
2015-04-05,120771,0,3.8,13.1
2015-04-06,123755,0,5.1,13.2
2015-04-07,178392,1,6.6,13.2
2015-04-08,182512,1,10.2,13.3
2015-04-09,181302,1,12.7,13.3
2015-04-10,176063,1,15.0,13.4
2015-04-11,140732,0,12.5,13.4
2015-04-12,121770,0,13.5,13.5
2015-04-13,178655,1,10.2,13.6
2015-04-14,184381,1,10.9,13.6
2015-04-15,184585,1,10.5,13.7
2015-04-16,183475,1,17.5,13.7
2015-04-17,179709,1,12.2,13.8
2015-04-18,141501,0,7.9,13.8
2015-04-19,123998,0,9.6,13.9
2015-04-20,178908,1,12.3,14.0
2015-04-21,185114,1,15.2,14.0
2015-04-22,181974,1,13.1,14.1
2015-04-23,180039,1,12.2,14.1
2015-04-24,179645,1,14.7,14.2
2015-04-25,142759,0,14.3,14.2
2015-04-26,123884,0,14.8,14.3
2015-04-27,179962,1,14.4,14.4
2015-04-28,186456,1,11.9,14.4
2015-04-29,183270,1,11.8,14.5
2015-04-30,180196,1,12.0,14.5
2015-05-01,123899,0,9.2,14.6
2015-05-02,128335,0,12.9,14.6
2015-05-03,121561,0,14.9,14.7
2015-05-04,177291,1,17.3,14.7
2015-05-05,182274,1,18.8,14.8
2015-05-06,180890,1,14.4,14.8
2015-05-07,178409,1,13.8,14.9
2015-05-08,175537,1,17.5,14.9
2015-05-09,137274,0,15.3,15.0
2015-05-10,118388,0,16.6,15.0
2015-05-11,177437,1,20.0,15.1
2015-05-12,182692,1,22.2,15.1
2015-05-13,177599,1,18.8,15.2
2015-05-14,127806,0,16.5,15.2
2015-05-15,149510,1,13.2,15.3
2015-05-16,132957,0,15.9,15.3
2015-05-17,116951,0,15.2,15.3
2015-05-18,173898,1,17.9,15.4
2015-05-19,179998,1,13.3,15.4
2015-05-20,179886,1,10.4,15.5
2015-05-21,176260,1,11.6,15.5
2015-05-22,171947,1,14.5,15.6
2015-05-23,132703,0,15.7,15.6
2015-05-24,109188,0,16.1,15.6
2015-05-25,113085,0,16.1,15.6
2015-05-26,167309,1,12.6,15.7
2015-05-27,174622,1,12.4,15.7
2015-05-28,173060,1,16.5,15.8
2015-05-29,170755,1,17.0,15.8
2015-05-30,136442,0,14.2,15.8
2015-05-31,116523,0,18.0,15.9
2015-06-01,173064,1,17.0,15.9
2015-06-02,178249,1,20.0,15.9
2015-06-03,176581,1,20.8,15.9
2015-06-04,129946,0,22.5,16.0
2015-06-05,155627,1,26.0,16.0
2015-06-06,138983,0,24.9,16.0
2015-06-07,121601,0,21.1,16.0
2015-06-08,177774,1,15.7,16.0
2015-06-09,180676,1,14.4,16.0
2015-06-10,182509,1,17.2,16.1
2015-06-11,183689,1,20.8,16.1
2015-06-12,182420,1,24.6,16.1
2015-06-13,141727,0,21.0,16.1
2015-06-14,122858,0,21.5,16.1
2015-06-15,176713,1,15.8,16.2
2015-06-16,181619,1,17.4,16.2
2015-06-17,180587,1,15.9,16.2
2015-06-18,179869,1,15.9,16.2
2015-06-19,175842,1,14.7,16.2
2015-06-20,138571,0,13.5,16.2
2015-06-21,120039,0,16.2,16.2
2015-06-22,174359,1,15.4,16.2
2015-06-23,179550,1,13.7,16.2
2015-06-24,178495,1,17.2,16.2
2015-06-25,178106,1,20.4,16.2
2015-06-26,175728,1,22.5,16.2
2015-06-27,138717,0,21.0,16.1
2015-06-28,118909,0,21.1,16.1
2015-06-29,177112,1,23.6,16.1
2015-06-30,183689,1,24.8,16.1
2015-07-01,184739,1,27.3,16.1
2015-07-02,189331,1,29.4,16.1
2015-07-03,187467,1,30.7,16.1
2015-07-04,147992,0,31.0,16.0
2015-07-05,131570,0,31.6,16.0
2015-07-06,185744,1,24.5,16.0
2015-07-07,192789,1,29.0,16.0
2015-07-08,186651,1,18.3,16.0
2015-07-09,181851,1,17.6,15.9
2015-07-10,176994,1,20.2,15.9
2015-07-11,141966,0,23.9,15.9
2015-07-12,124069,0,22.5,15.9
2015-07-13,178052,1,20.5,15.8
2015-07-14,185358,1,23.0,15.8
2015-07-15,188191,1,23.5,15.8
2015-07-16,190242,1,27.6,15.7
2015-07-17,187920,1,28.8,15.7
2015-07-18,144639,0,25.5,15.7
2015-07-19,126568,0,25.1,15.6
2015-07-20,183832,1,24.7,15.6
2015-07-21,192906,1,26.3,15.6
2015-07-22,194199,1,28.6,15.5
2015-07-23,188396,1,22.5,15.5
2015-07-24,184137,1,25.4,15.4
2015-07-25,144530,0,18.6,15.4
2015-07-26,122797,0,18.5,15.4
2015-07-27,175830,1,18.8,15.3
2015-07-28,182962,1,18.0,15.3
2015-07-29,180404,1,14.9,15.2
2015-07-30,177664,1,17.1,15.2
2015-07-31,172938,1,18.1,15.2
2015-08-01,136658,0,19.2,15.1
2015-08-02,119570,0,23.0,15.0
2015-08-03,171632,1,26.0,15.0
2015-08-04,177140,1,22.9,15.0
2015-08-05,175276,1,24.2,14.9
2015-08-06,177711,1,28.5,14.9
2015-08-07,174470,1,30.4,14.8
2015-08-08,141594,0,27.2,14.8
2015-08-09,123306,0,25.4,14.7
2015-08-10,168016,1,23.3,14.6
2015-08-11,171157,1,23.9,14.6
2015-08-12,173898,1,26.9,14.6
2015-08-13,173601,1,27.8,14.5
2015-08-14,168526,1,22.4,14.4
2015-08-15,131705,0,19.3,14.4
2015-08-16,114983,0,15.9,14.4
2015-08-17,159835,1,15.7,14.3
2015-08-18,163828,1,17.2,14.2
2015-08-19,163698,1,16.2,14.2
2015-08-20,163211,1,18.7,14.1
2015-08-21,161829,1,19.8,14.1
2015-08-22,131276,0,20.7,14.0
2015-08-23,117698,0,20.0,14.0
2015-08-24,167982,1,18.6,13.9
2015-08-25,170370,1,17.0,13.8
2015-08-26,174697,1,21.4,13.8
2015-08-27,175454,1,24.2,13.7
2015-08-28,174320,1,22.7,13.7
2015-08-29,140293,0,25.2,13.6
2015-08-30,124274,0,27.4,13.6
2015-08-31,177897,1,26.0,13.5
2015-09-01,182335,1,16.6,13.4
2015-09-02,177067,1,17.3,13.4
2015-09-03,175167,1,16.5,13.3
2015-09-04,171518,1,10.6,13.3
2015-09-05,135455,0,17.9,13.2
2015-09-06,120813,0,17.4,13.2
2015-09-07,172230,1,12.7,13.1
2015-09-08,178903,1,14.6,13.0
2015-09-09,178604,1,14.8,13.0
2015-09-10,177505,1,13.7,12.9
2015-09-11,174622,1,15.3,12.8
2015-09-12,140057,0,19.6,12.8
2015-09-13,122205,0,17.9,12.8
2015-09-14,176677,1,15.5,12.7
2015-09-15,182538,1,14.3,12.6
2015-09-16,184302,1,12.0,12.6
2015-09-17,182978,1,14.5,12.5
2015-09-18,176762,1,14.5,12.4
2015-09-19,139564,0,13.8,12.4
2015-09-20,122944,0,14.3,12.3
2015-09-21,178084,1,14.7,12.3
2015-09-22,184401,1,13.0,12.2
2015-09-23,185656,1,10.7,12.2
2015-09-24,183370,1,13.0,12.1
2015-09-25,177160,1,13.7,12.0
2015-09-26,139890,0,13.8,12.0
2015-09-27,123711,0,12.8,11.9
2015-09-28,175671,1,11.8,11.9
2015-09-29,181546,1,12.1,11.8
2015-09-30,182183,1,11.1,11.8
2015-10-01,180505,1,10.5,11.7
2015-10-02,177090,1,12.4,11.6
2015-10-03,126716,0,14.7,11.6
2015-10-04,122215,0,12.7,11.5
2015-10-05,178403,1,14.9,11.5
2015-10-06,186538,1,17.0,11.4
2015-10-07,184810,1,13.8,11.3
2015-10-08,182579,1,12.2,11.3
2015-10-09,179229,1,12.6,11.2
2015-10-10,144169,0,11.3,11.2
2015-10-11,127624,0,10.1,11.1
2015-10-12,183504,1,8.0,11.1
2015-10-13,190584,1,8.7,11.0
2015-10-14,192127,1,5.0,10.9
2015-10-15,191383,1,4.4,10.9
2015-10-16,188929,1,4.9,10.8
2015-10-17,150644,0,5.9,10.8
2015-10-18,133059,0,6.0,10.7
2015-10-19,185723,1,6.4,10.6
2015-10-20,193467,1,7.0,10.6
2015-10-21,194788,1,7.7,10.5
2015-10-22,192304,1,8.1,10.5
2015-10-23,189784,1,11.1,10.4
2015-10-24,149881,0,8.8,10.4
2015-10-25,138090,0,11.9,10.3
2015-10-26,189547,1,11.6,10.2
2015-10-27,198264,1,9.9,10.2
2015-10-28,196930,1,9.1,10.1
2015-10-29,193817,1,10.2,10.1
2015-10-30,191307,1,9.6,10.0
2015-10-31,152588,0,10.0,10.0
2015-11-01,135022,0,11.2,9.9
2015-11-02,189777,1,7.6,9.9
2015-11-03,197740,1,8.2,9.8
2015-11-04,192758,1,10.8,9.8
2015-11-05,190929,1,11.4,9.7
2015-11-06,185725,1,13.3,9.7
2015-11-07,148514,0,15.3,9.6
2015-11-08,131307,0,15.0,9.5
2015-11-09,187338,1,14.0,9.5
2015-11-10,192997,1,12.4,9.4
2015-11-11,191574,1,10.5,9.4
2015-11-12,191304,1,9.8,9.3
2015-11-13,189635,1,9.6,9.3
2015-11-14,151075,0,7.6,9.3
2015-11-15,134499,0,11.1,9.2
2015-11-16,188515,1,10.5,9.2
2015-11-17,195265,1,12.0,9.1
2015-11-18,192454,1,12.0,9.1
2015-11-19,191484,1,12.6,9.0
2015-11-20,191877,1,9.4,9.0
2015-11-21,154389,0,3.2,8.9
2015-11-22,141290,0,1.2,8.9
2015-11-23,196765,1,-0.6,8.9
2015-11-24,204946,1,0.3,8.8
2015-11-25,204388,1,2.0,8.8
2015-11-26,202442,1,2.1,8.8
2015-11-27,199905,1,1.2,8.7
2015-11-28,164428,0,1.2,8.7
2015-11-29,146421,0,5.2,8.7
2015-11-30,195670,1,8.3,8.6
2015-12-01,201393,1,8.8,8.6
2015-12-02,199765,1,8.0,8.6
2015-12-03,199652,1,6.2,8.5
2015-12-04,197671,1,4.8,8.5
2015-12-05,156059,0,5.6,8.5
2015-12-06,139060,0,6.4,8.4
2015-12-07,193136,1,7.4,8.4
2015-12-08,203358,1,5.7,8.4
2015-12-09,202303,1,5.7,8.4
2015-12-10,205728,1,3.0,8.4
2015-12-11,196854,1,3.5,8.4
2015-12-12,155050,0,5.5,8.3
2015-12-13,140974,0,4.8,8.3
2015-12-14,195912,1,3.8,8.3
2015-12-15,199737,1,4.7,8.3
2015-12-16,198947,1,7.0,8.3
2015-12-17,188110,1,9.5,8.3
2015-12-18,180155,1,0.2,8.3
2015-12-19,145909,0,0.7,8.3
2015-12-20,131500,0,0.5,8.3
2015-12-21,169582,1,7.9,8.3
2015-12-22,164036,1,8.5,8.3
2015-12-23,153224,1,8.2,8.3
2015-12-24,122319,1,7.6,8.3
2015-12-25,108698,0,8.4,8.3
2015-12-26,111921,0,7.5,8.3
2015-12-27,114963,0,6.9,8.3
2015-12-28,140051,1,0.9,8.3
2015-12-29,144444,1,4.0,8.3
2015-12-30,142279,1,3.7,8.3
2015-12-31,129888,1,3.8,8.3
2016-01-01,115262,0,3.7,8.4
2016-01-02,126973,0,2.7,8.4
2016-01-03,119069,0,4.3,8.4
2016-01-04,151814,1,0.2,8.4
2016-01-05,155627,1,3.8,8.4
2016-01-06,129380,0,3.4,8.4
2016-01-07,166888,1,3.4,8.5
2016-01-08,170204,1,4.0,8.5
2016-01-09,142917,0,4.6,8.5
2016-01-10,127394,0,5.6,8.6
2016-01-11,183864,1,4.8,8.6
2016-01-12,192538,1,4.6,8.6
2016-01-13,198704,1,2.8,8.6
2016-01-14,197498,1,1.8,8.7
2016-01-15,197214,1,0.0,8.7
2016-01-16,160891,0,-0.4,8.7
2016-01-17,146484,0,-3.2,8.8
2016-01-18,204102,1,-7.3,8.8
2016-01-19,212095,1,-5.8,8.9
2016-01-20,209692,1,-7.0,8.9
2016-01-21,205945,1,-4.3,8.9
2016-01-22,206188,1,-4.9,9.0
2016-01-23,163609,0,1.7,9.0
2016-01-24,142203,0,1.4,9.1
2016-01-25,193113,1,4.5,9.1
2016-01-26,195376,1,5.8,9.2
2016-01-27,194638,1,7.8,9.2
2016-01-28,195234,1,7.6,9.3
2016-01-29,186602,1,5.4,9.3
2016-01-30,152946,0,6.1,9.3
2016-01-31,137305,0,5.7,9.4
2016-02-01,188437,1,9.8,9.4
2016-02-02,192398,1,8.8,9.5
2016-02-03,201405,1,3.9,9.6
2016-02-04,197973,1,3.2,9.6
2016-02-05,190310,1,6.1,9.6
2016-02-06,152436,0,6.7,9.7
2016-02-07,136844,0,6.3,9.7
2016-02-08,181030,1,7.3,9.8
2016-02-09,188331,1,7.7,9.9
2016-02-10,196260,1,2.3,9.9
2016-02-11,195040,1,2.4,10.0
2016-02-12,190276,1,2.3,10.0
2016-02-13,152036,0,4.2,10.1
2016-02-14,134729,0,4.9,10.1
2016-02-15,194338,1,2.3,10.2
2016-02-16,201869,1,1.3,10.2
2016-02-17,203088,1,1.3,10.3
2016-02-18,195458,1,3.3,10.4
2016-02-19,196714,1,1.9,10.4
2016-02-20,158608,0,3.5,10.5
2016-02-21,134497,0,9.8,10.5
2016-02-22,184232,1,9.3,10.6
2016-02-23,197372,1,4.2,10.6
2016-02-24,197758,1,3.1,10.7
2016-02-25,197360,1,1.6,10.8
2016-02-26,191670,1,1.4,10.8
2016-02-27,153153,0,2.1,10.9
2016-02-28,136774,0,2.7,10.9
2016-02-29,195230,1,2.3,11.0
2016-03-01,197030,1,1.4,11.0
2016-03-02,198469,1,4.4,11.1
2016-03-03,196923,1,2.1,11.2
2016-03-04,193404,1,2.8,11.2
2016-03-05,155553,0,3.5,11.3
2016-03-06,138828,0,1.6,11.3
2016-03-07,191989,1,1.3,11.4
2016-03-08,200332,1,1.6,11.5
2016-03-09,201369,1,2.0,11.5
2016-03-10,192619,1,4.1,11.6
2016-03-11,191458,1,4.0,11.6
2016-03-12,154468,0,4.2,11.7
2016-03-13,136727,0,4.5,11.8
2016-03-14,189314,1,4.1,11.8
2016-03-15,196664,1,2.7,11.9
2016-03-16,195553,1,2.8,11.9
2016-03-17,191223,1,6.2,12.0
2016-03-18,187520,1,8.1,12.0
2016-03-19,153965,0,5.9,12.1
2016-03-20,134958,0,5.6,12.2
2016-03-21,188329,1,6.0,12.2
2016-03-22,191177,1,5.8,12.3
2016-03-23,193142,1,6.2,12.4
2016-03-24,185819,1,6.4,12.4
2016-03-25,138656,0,6.0,12.5
2016-03-26,132978,0,9.6,12.5
2016-03-27,111919,0,8.2,12.6
2016-03-28,121131,0,9.1,12.7
2016-03-29,176578,1,8.8,12.7
2016-03-30,186535,1,10.3,12.8
2016-03-31,184436,1,13.4,12.8
2016-04-01,183781,1,8.1,12.9
2016-04-02,146449,0,11.5,13.0
2016-04-03,125100,0,14.9,13.0
2016-04-04,178794,1,13.3,13.1
2016-04-05,184034,1,12.3,13.2
2016-04-06,184124,1,11.6,13.2
2016-04-07,182804,1,8.4,13.3
2016-04-08,181908,1,8.5,13.3
2016-04-09,145610,0,8.4,13.4
2016-04-10,125073,0,11.3,13.4
2016-04-11,179104,1,12.2,13.5
2016-04-12,185971,1,12.9,13.6
2016-04-13,185943,1,10.2,13.6
2016-04-14,183119,1,10.9,13.7
2016-04-15,179783,1,10.5,13.7
2016-04-16,143175,0,10.4,13.8
2016-04-17,130345,0,10.4,13.8
2016-04-18,183223,1,10.2,13.9
2016-04-19,184027,1,10.8,14.0
2016-04-20,183893,1,12.0,14.0
2016-04-21,183073,1,14.2,14.1
2016-04-22,177270,1,14.1,14.1
2016-04-23,143307,0,8.3,14.2
2016-04-24,128183,0,5.1,14.2
2016-04-25,182660,1,4.6,14.3
2016-04-26,190906,1,4.5,14.4
2016-04-27,189502,1,4.4,14.4
2016-04-28,186952,1,6.5,14.4
2016-04-29,181078,1,9.7,14.5
2016-04-30,142258,0,12.5,14.6
2016-05-01,117839,0,10.0,14.6
2016-05-02,172268,1,13.0,14.7
2016-05-03,182296,1,11.2,14.7
2016-05-04,177933,1,11.2,14.8
2016-05-05,127973,0,13.1,14.8
2016-05-06,148437,1,17.5,14.9
2016-05-07,131665,0,18.1,14.9
2016-05-08,116820,0,18.1,15.0
2016-05-09,173816,1,18.5,15.0
2016-05-10,179566,1,16.1,15.1
2016-05-11,179919,1,17.9,15.1
2016-05-12,180884,1,13.4,15.2
2016-05-13,177660,1,14.4,15.2
2016-05-14,138301,0,11.4,15.2
2016-05-15,112640,0,8.5,15.3
2016-05-16,116274,0,8.8,15.3
2016-05-17,169793,1,11.7,15.4
2016-05-18,176510,1,15.1,15.4
2016-05-19,175760,1,14.3,15.5
2016-05-20,171806,1,14.8,15.5
2016-05-21,135867,0,15.8,15.5
2016-05-22,119702,0,20.1,15.6
2016-05-23,174290,1,9.8,15.6
2016-05-24,180520,1,10.3,15.6
2016-05-25,171399,1,14.7,15.7
2016-05-26,126059,0,13.3,15.7
2016-05-27,146223,1,15.5,15.8
2016-05-28,131498,0,14.0,15.8
2016-05-29,119528,0,18.0,15.8
2016-05-30,171973,1,15.1,15.8
2016-05-31,178151,1,16.4,15.9
2016-06-01,178620,1,16.0,15.9
2016-06-02,177373,1,16.2,15.9
2016-06-03,174461,1,17.2,16.0
2016-06-04,137142,0,17.7,16.0
2016-06-05,120150,0,19.5,16.0
2016-06-06,174992,1,21.4,16.0
2016-06-07,181926,1,22.5,16.0
2016-06-08,182298,1,18.4,16.0
2016-06-09,178690,1,16.9,16.1
2016-06-10,174257,1,14.3,16.1
2016-06-11,137344,0,17.3,16.1
2016-06-12,120739,0,16.2,16.1
2016-06-13,174240,1,15.2,16.1
2016-06-14,179620,1,15.3,16.2
2016-06-15,178837,1,12.0,16.2
2016-06-16,180250,1,18.3,16.2
2016-06-17,173715,1,15.2,16.2
2016-06-18,136503,0,16.4,16.2
2016-06-19,119714,0,14.9,16.2
2016-06-20,171970,1,17.9,16.2
2016-06-21,176952,1,18.8,16.2
2016-06-22,181780,1,24.0,16.2
2016-06-23,185418,1,27.4,16.2
2016-06-24,181511,1,27.0,16.2
2016-06-25,139711,0,21.1,16.2
2016-06-26,119531,0,18.0,16.1
2016-06-27,172734,1,17.9,16.1
2016-06-28,179295,1,19.9,16.1
2016-06-29,180676,1,20.7,16.1
2016-06-30,179923,1,20.7,16.1
2016-07-01,176716,1,21.8,16.1
2016-07-02,138785,0,16.6,16.1
2016-07-03,118944,0,16.8,16.0
2016-07-04,171765,1,19.9,16.0
2016-07-05,174534,1,20.5,16.0
2016-07-06,174471,1,18.2,16.0
2016-07-07,175770,1,21.5,16.0
2016-07-08,174123,1,22.7,15.9
2016-07-09,137814,0,22.3,15.9
2016-07-10,124712,0,25.8,15.9
2016-07-11,178108,1,24.0,15.9
2016-07-12,184736,1,19.0,15.8
2016-07-13,176033,1,15.5,15.8
2016-07-14,173165,1,14.4,15.8
2016-07-15,170295,1,15.4,15.8
2016-07-16,134482,0,18.7,15.7
2016-07-17,119018,0,22.4,15.7
2016-07-18,178919,1,20.7,15.6
2016-07-19,184949,1,21.7,15.6
2016-07-20,187910,1,20.6,15.6
2016-07-21,184151,1,20.7,15.5
2016-07-22,181044,1,20.4,15.5
2016-07-23,139881,0,20.2,15.4
2016-07-24,123013,0,20.0,15.4
2016-07-25,179850,1,20.0,15.4
2016-07-26,185339,1,21.0,15.3
2016-07-27,184665,1,22.0,15.3
2016-07-28,181321,1,21.4,15.2
2016-07-29,175739,1,21.5,15.2
2016-07-30,141405,0,23.2,15.2
2016-07-31,121893,0,20.1,15.1
2016-08-01,168256,1,19.5,15.1
2016-08-02,172712,1,17.4,15.0
2016-08-03,173443,1,21.4,15.0
2016-08-04,172685,1,21.8,14.9
2016-08-05,165450,1,16.9,14.9
2016-08-06,130358,0,18.6,14.8
2016-08-07,114491,0,22.5,14.8
2016-08-08,162193,1,21.8,14.7
2016-08-09,164929,1,17.4,14.7
2016-08-10,161367,1,14.6,14.6
2016-08-11,157184,1,15.0,14.6
2016-08-12,153765,1,16.9,14.5
2016-08-13,128693,0,22.6,14.5
2016-08-14,114501,0,23.5,14.4
2016-08-15,159321,1,22.1,14.4
2016-08-16,162820,1,22.0,14.3
2016-08-17,163040,1,20.7,14.2
2016-08-18,161708,1,19.5,14.2
2016-08-19,159341,1,20.8,14.2
2016-08-20,129383,0,19.0,14.1
2016-08-21,109644,0,16.6,14.0
2016-08-22,160369,1,18.0,14.0
2016-08-23,168227,1,22.5,13.9
2016-08-24,172223,1,23.6,13.8
2016-08-25,172249,1,24.4,13.8
2016-08-26,171363,1,28.4,13.8
2016-08-27,136560,0,28.4,13.7
2016-08-28,121228,0,25.5,13.6
2016-08-29,173728,1,20.6,13.6
2016-08-30,174687,1,19.0,13.5
2016-08-31,176643,1,21.3,13.5
2016-09-01,176210,1,21.2,13.4
2016-09-02,170980,1,21.6,13.4
2016-09-03,131854,0,21.8,13.3
2016-09-04,119449,0,19.6,13.2
2016-09-05,170018,1,16.8,13.2
2016-09-06,174468,1,18.7,13.1
2016-09-07,176817,1,19.2,13.0
2016-09-08,175925,1,21.8,13.0
2016-09-09,172098,1,21.1,12.9
2016-09-10,135611,0,22.5,12.9
2016-09-11,119266,0,22.3,12.8
2016-09-12,175320,1,23.5,12.8
2016-09-13,181737,1,24.3,12.7
2016-09-14,182874,1,23.2,12.6
2016-09-15,180631,1,19.6,12.6
2016-09-16,174484,1,16.8,12.5
2016-09-17,135733,0,15.4,12.5
2016-09-18,123149,0,14.1,12.4
2016-09-19,172781,1,13.6,12.4
2016-09-20,177130,1,13.7,12.3
2016-09-21,175847,1,13.1,12.2
2016-09-22,174173,1,14.7,12.2
2016-09-23,171620,1,15.1,12.1
2016-09-24,133181,0,16.7,12.0
2016-09-25,118095,0,17.3,12.0
2016-09-26,177955,1,15.7,11.9
2016-09-27,182238,1,15.4,11.9
2016-09-28,182606,1,16.9,11.8
2016-09-29,182464,1,17.7,11.8
2016-09-30,179567,1,16.4,11.7
2016-10-01,141054,0,15.2,11.7
2016-10-02,122822,0,12.6,11.6
2016-10-03,125324,0,10.9,11.5
2016-10-04,180348,1,10.5,11.5
2016-10-05,189821,1,8.0,11.4
2016-10-06,190260,1,7.9,11.4
2016-10-07,186832,1,9.5,11.3
2016-10-08,150981,0,8.1,11.2
2016-10-09,133487,0,7.2,11.2
2016-10-10,188192,1,6.9,11.1
2016-10-11,193722,1,6.5,11.1
2016-10-12,190800,1,6.6,11.0
2016-10-13,193528,1,7.1,10.9
2016-10-14,191625,1,9.8,10.9
2016-10-15,148876,0,11.8,10.8
2016-10-16,129953,0,12.8,10.8
2016-10-17,186779,1,12.9,10.7
2016-10-18,191576,1,10.8,10.7
2016-10-19,194645,1,8.9,10.6
2016-10-20,193595,1,7.3,10.5
2016-10-21,188917,1,6.4,10.5
2016-10-22,150866,0,6.9,10.4
2016-10-23,136982,0,7.7,10.4
2016-10-24,190650,1,12.1,10.3
2016-10-25,193087,1,12.4,10.3
2016-10-26,193753,1,10.4,10.2
2016-10-27,189399,1,9.4,10.1
2016-10-28,189083,1,9.1,10.1
2016-10-29,149568,0,9.8,10.0
2016-10-30,134738,0,8.8,10.0
2016-10-31,160540,1,8.4,9.9
2016-11-01,137292,0,9.4,9.9
2016-11-02,199447,1,6.8,9.8
2016-11-03,231190,1,4.9,9.8
2016-11-04,191779,1,5.6,9.7
2016-11-05,157139,0,7.7,9.7
2016-11-06,140096,0,4.5,9.6
2016-11-07,195444,1,2.5,9.6
2016-11-08,205448,1,1.8,9.5
2016-11-09,203969,1,2.4,9.5
2016-11-10,199972,1,4.7,9.4
2016-11-11,202566,1,3.6,9.4
2016-11-12,157860,0,1.8,9.3
2016-11-13,140045,0,2.4,9.3
2016-11-14,187526,1,0.5,9.2
2016-11-15,199929,1,2.5,9.2
2016-11-16,203436,1,6.5,9.1
2016-11-17,197916,1,8.4,9.1
2016-11-18,197786,1,9.2,9.0
2016-11-19,159229,0,5.1,9.0
2016-11-20,139699,0,6.5,9.0
2016-11-21,197590,1,8.5,8.9
2016-11-22,201151,1,8.8,8.9
2016-11-23,199838,1,8.8,8.8
2016-11-24,200916,1,6.8,8.8
2016-11-25,197517,1,6.2,8.8
2016-11-26,159017,0,6.3,8.7
2016-11-27,141398,0,5.2,8.7
2016-11-28,198762,1,0.2,8.7
2016-11-29,207604,1,-0.1,8.6
2016-11-30,209020,1,0.0,8.6
2016-12-01,205571,1,1.3,8.6
2016-12-02,203514,1,1.9,8.5
2016-12-03,165273,0,0.1,8.5
2016-12-04,154523,0,-0.8,8.5
2016-12-05,205299,1,1.2,8.5
2016-12-06,212411,1,1.4,8.4
2016-12-07,214143,1,0.1,8.4
2016-12-08,209898,1,2.2,8.4
2016-12-09,204836,1,3.3,8.4
2016-12-10,163501,0,3.6,8.4
2016-12-11,150417,0,3.7,8.4
2016-12-12,200005,1,3.3,8.3
2016-12-13,207710,1,2.7,8.3
2016-12-14,203432,1,3.6,8.3
2016-12-15,203294,1,2.5,8.3
2016-12-16,198552,1,1.3,8.3
2016-12-17,164332,0,1.7,8.3
2016-12-18,149118,0,0.9,8.3
2016-12-19,197223,1,0.1,8.3
2016-12-20,201807,1,-0.0,8.3
2016-12-21,197325,1,1.4,8.3
2016-12-22,186393,1,2.1,8.3
2016-12-23,167059,1,2.0,8.3
2016-12-24,134957,0,4.2,8.3
2016-12-25,122211,0,5.2,8.3
2016-12-26,122559,0,6.2,8.3
2016-12-27,148923,1,1.8,8.3
2016-12-28,150077,1,2.1,8.3
2016-12-29,152737,1,1.6,8.3
2016-12-30,153727,1,2.0,8.3
2016-12-31,143726,0,1.3,8.4
2017-01-01,131718,0,0.7,8.4
2017-01-02,173860,1,-1.7,8.4
2017-01-03,181001,1,-2.6,8.4
2017-01-04,185968,1,-0.3,8.4
2017-01-05,182875,1,-3.8,8.4
2017-01-06,155082,0,-10.0,8.5
2017-01-07,163791,0,-6.9,8.5
2017-01-08,152883,0,-2.4,8.5
2017-01-09,202521,1,-2.7,8.6
2017-01-10,210340,1,-2.3,8.6
2017-01-11,213278,1,0.1,8.6
2017-01-12,206764,1,2.2,8.6
2017-01-13,206362,1,-0.8,8.7
2017-01-14,169381,0,-0.9,8.7
2017-01-15,154453,0,-3.4,8.7
2017-01-16,209641,1,-4.6,8.8
2017-01-17,215636,1,-5.9,8.8
2017-01-18,216942,1,-5.8,8.8
2017-01-19,218042,1,-6.5,8.9
2017-01-20,218170,1,-6.0,8.9
2017-01-21,187921,0,-5.1,9.0
2017-01-22,174193,0,-5.7,9.0
2017-01-23,226423,1,-7.1,9.1
2017-01-24,227529,1,-7.0,9.1
2017-01-25,225935,1,-7.2,9.1
2017-01-26,219114,1,-4.2,9.2
2017-01-27,213164,1,-1.7,9.2
2017-01-28,173284,0,-0.8,9.3
2017-01-29,153429,0,0.9,9.3
2017-01-30,207452,1,2.1,9.4
2017-01-31,205728,1,2.8,9.4
2017-02-01,205019,1,2.4,9.5
2017-02-02,199640,1,5.0,9.5
2017-02-03,195372,1,5.6,9.6
2017-02-04,161277,0,3.9,9.6
2017-02-05,143488,0,3.6,9.7
2017-02-06,194967,1,2.9,9.7
2017-02-07,201169,1,3.4,9.8
2017-02-08,202858,1,2.2,9.8
2017-02-09,208537,1,-0.3,9.9
2017-02-10,202439,1,0.7,9.9
2017-02-11,163472,0,2.7,10.0
2017-02-12,147495,0,2.3,10.1
2017-02-13,204195,1,1.9,10.1
2017-02-14,202589,1,4.6,10.2
2017-02-15,201514,1,6.5,10.2
2017-02-16,196320,1,7.2,10.3
2017-02-17,195131,1,5.4,10.3
2017-02-18,157213,0,5.0,10.4
2017-02-19,141244,0,4.7,10.5
2017-02-20,195180,1,5.7,10.5
2017-02-21,199243,1,8.3,10.6
2017-02-22,198775,1,8.2,10.6
2017-02-23,191973,1,9.3,10.7
2017-02-24,191055,1,4.0,10.7
2017-02-25,152225,0,4.6,10.8
2017-02-26,133853,0,5.8,10.9
2017-02-27,176220,1,8.4,10.9
2017-02-28,188826,1,5.1,11.0
2017-03-01,193729,1,5.1,11.0
2017-03-02,188555,1,6.1,11.1
2017-03-03,187023,1,7.0,11.2
2017-03-04,149050,0,9.7,11.2
2017-03-05,132983,0,6.4,11.3
2017-03-06,188716,1,5.4,11.3
2017-03-07,196302,1,4.1,11.4
2017-03-08,196315,1,5.0,11.4
2017-03-09,192137,1,9.2,11.5
2017-03-10,184332,1,6.1,11.6
2017-03-11,148066,0,7.3,11.6
2017-03-12,129110,0,7.1,11.7
2017-03-13,181454,1,6.6,11.7
2017-03-14,184431,1,8.8,11.8
2017-03-15,185736,1,9.0,11.9
2017-03-16,183801,1,11.2,11.9
2017-03-17,179281,1,11.0,12.0
2017-03-18,148686,0,7.5,12.0
2017-03-19,128107,0,11.1,12.1
2017-03-20,179373,1,10.4,12.2
2017-03-21,186583,1,9.2,12.2
2017-03-22,190817,1,6.5,12.3
2017-03-23,184512,1,9.9,12.4
2017-03-24,187209,1,9.2,12.4
2017-03-25,144227,0,8.6,12.5
2017-03-26,121413,0,8.6,12.5
2017-03-27,179595,1,10.0,12.6
2017-03-28,183974,1,13.2,12.6
2017-03-29,183262,1,12.9,12.7
2017-03-30,179217,1,14.4,12.8
2017-03-31,177681,1,16.0,12.8
2017-04-01,139448,0,13.4,12.9
2017-04-02,121515,0,11.1,13.0
2017-04-03,177048,1,11.9,13.0
2017-04-04,183855,1,10.3,13.1
2017-04-05,184082,1,10.2,13.1
2017-04-06,182456,1,6.7,13.2
2017-04-07,176184,1,9.6,13.2
2017-04-08,136181,0,13.0,13.3
2017-04-09,118134,0,17.2,13.4
2017-04-10,173576,1,15.6,13.4
2017-04-11,176309,1,9.3,13.5
2017-04-12,178172,1,12.4,13.5
2017-04-13,172419,1,11.0,13.6
2017-04-14,124092,0,10.5,13.6
2017-04-15,124654,0,10.7,13.7
2017-04-16,111217,0,8.0,13.8
2017-04-17,115314,0,6.7,13.8
2017-04-18,173479,1,3.6,13.9
2017-04-19,183850,1,2.8,13.9
2017-04-20,180015,1,4.4,14.0
2017-04-21,178358,1,9.0,14.0
2017-04-22,146883,0,9.0,14.1
2017-04-23,124221,0,6.7,14.2
2017-04-24,179671,1,11.1,14.2
2017-04-25,188833,1,9.2,14.3
2017-04-26,191052,1,5.1,14.3
2017-04-27,188807,1,6.1,14.4
2017-04-28,181766,1,6.6,14.4
2017-04-29,140919,0,9.4,14.5
2017-04-30,121781,0,11.8,14.6
2017-05-01,124211,0,7.3,14.6
2017-05-02,178147,1,10.0,14.6
2017-05-03,183536,1,10.4,14.7
2017-05-04,185255,1,10.9,14.8
2017-05-05,178576,1,12.1,14.8
2017-05-06,142677,0,13.4,14.8
2017-05-07,125408,0,11.7,14.9
2017-05-08,184308,1,9.1,15.0
2017-05-09,183206,1,9.2,15.0
2017-05-10,180674,1,14.5,15.0
2017-05-11,181006,1,16.8,15.1
2017-05-12,176178,1,16.2,15.1
2017-05-13,139496,0,16.9,15.2
2017-05-14,119304,0,16.8,15.2
2017-05-15,172654,1,16.8,15.3
2017-05-16,177276,1,19.1,15.3
2017-05-17,180331,1,20.7,15.4
2017-05-18,180034,1,19.5,15.4
2017-05-19,178116,1,11.2,15.4
2017-05-20,137152,0,13.4,15.5
2017-05-21,116388,0,15.8,15.5
2017-05-22,173419,1,18.2,15.6
2017-05-23,180338,1,20.0,15.6
2017-05-24,174652,1,17.2,15.6
2017-05-25,125214,0,17.8,15.7
2017-05-26,147426,1,19.8,15.7
2017-05-27,133787,0,22.6,15.8
2017-05-28,121612,0,25.0,15.8
2017-05-29,181527,1,25.8,15.8
2017-05-30,186469,1,23.2,15.8
2017-05-31,182413,1,20.0,15.9
2017-06-01,179846,1,21.4,15.9
2017-06-02,177959,1,22.8,15.9
2017-06-03,136481,0,22.3,16.0
2017-06-04,107596,0,16.8,16.0
2017-06-05,108357,0,16.0,16.0
2017-06-06,165299,1,14.4,16.0
2017-06-07,171730,1,13.0,16.0
2017-06-08,170080,1,18.2,16.0
2017-06-09,169933,1,19.0,16.1
2017-06-10,131141,0,20.1,16.1
2017-06-11,115807,0,23.2,16.1
2017-06-12,172737,1,21.0,16.1
2017-06-13,175715,1,20.1,16.1
2017-06-14,171802,1,21.5,16.2
2017-06-15,131210,0,24.0,16.2
2017-06-16,150851,1,19.0,16.2
2017-06-17,130999,0,17.6,16.2
2017-06-18,118642,0,20.2,16.2
2017-06-19,178722,1,24.6,16.2
2017-06-20,188782,1,26.7,16.2
2017-06-21,189658,1,26.9,16.2
2017-06-22,189408,1,27.4,16.2
2017-06-23,185396,1,23.4,16.2
2017-06-24,143426,0,21.0,16.2
2017-06-25,123476,0,20.8,16.2
2017-06-26,180167,1,23.6,16.2
2017-06-27,188440,1,23.2,16.1
2017-06-28,185117,1,19.6,16.1
2017-06-29,177757,1,16.9,16.1
2017-06-30,174025,1,17.3,16.1
2017-07-01,135861,0,15.7,16.1
2017-07-02,119352,0,16.4,16.1
2017-07-03,173405,1,18.9,16.1
2017-07-04,180578,1,22.1,16.0
2017-07-05,183484,1,24.7,16.0
2017-07-06,185245,1,27.4,16.0
2017-07-07,185279,1,24.3,16.0
2017-07-08,145832,0,25.6,16.0
2017-07-09,125408,0,23.9,15.9
2017-07-10,179620,1,21.4,15.9
2017-07-11,181255,1,19.8,15.9
2017-07-12,183170,1,19.0,15.8
2017-07-13,178086,1,18.2,15.8
2017-07-14,176829,1,18.7,15.8
2017-07-15,137263,0,17.0,15.8
2017-07-16,119058,0,20.1,15.7
2017-07-17,177597,1,23.3,15.7
2017-07-18,186408,1,24.2,15.7
2017-07-19,189069,1,27.0,15.6
2017-07-20,184884,1,21.9,15.6
2017-07-21,180141,1,23.7,15.5
2017-07-22,141744,0,23.7,15.5
2017-07-23,122287,0,19.7,15.5
2017-07-24,175279,1,16.7,15.4
2017-07-25,180266,1,14.0,15.4
2017-07-26,179437,1,16.2,15.4
2017-07-27,176199,1,17.7,15.3
2017-07-28,169360,1,19.8,15.2
2017-07-29,133733,0,23.3,15.2
2017-07-30,119830,0,24.9,15.2
2017-07-31,171195,1,25.6,15.1
2017-08-01,178566,1,26.2,15.1
2017-08-02,175419,1,25.6,15.0
2017-08-03,177878,1,25.3,15.0
2017-08-04,170314,1,23.3,14.9
2017-08-05,134370,0,23.0,14.9
2017-08-06,112404,0,20.0,14.8
2017-08-07,160367,1,22.0,14.8
2017-08-08,167388,1,20.4,14.7
2017-08-09,165844,1,19.0,14.7
2017-08-10,165738,1,13.7,14.6
2017-08-11,160837,1,13.9,14.6
2017-08-12,127236,0,16.6,14.5
2017-08-13,111734,0,19.2,14.5
2017-08-14,157940,1,22.2,14.4
2017-08-15,166110,1,24.9,14.4
2017-08-16,164154,1,22.9,14.3
2017-08-17,165438,1,23.6,14.3
2017-08-18,163159,1,23.0,14.2
2017-08-19,128149,0,18.2,14.2
2017-08-20,112374,0,17.1,14.1
2017-08-21,160409,1,18.4,14.0
2017-08-22,167963,1,20.7,14.0
2017-08-23,170226,1,23.2,13.9
2017-08-24,170958,1,23.2,13.9
2017-08-25,169438,1,25.3,13.8
2017-08-26,136123,0,25.2,13.8
2017-08-27,119614,0,23.9,13.7
2017-08-28,173023,1,24.1,13.6
2017-08-29,179370,1,25.1,13.6
2017-08-30,181898,1,25.7,13.5
2017-08-31,177814,1,17.4,13.5
2017-09-01,166165,1,15.3,13.4
2017-09-02,128102,0,14.5,13.4
2017-09-03,112472,0,15.6,13.3
2017-09-04,165278,1,17.0,13.2
2017-09-05,171769,1,19.4,13.2
2017-09-06,173187,1,17.5,13.1
2017-09-07,173101,1,15.3,13.1
2017-09-08,170220,1,16.1,13.0
2017-09-09,137238,0,13.8,13.0
2017-09-10,117032,0,14.6,12.9
2017-09-11,171496,1,13.6,12.8
2017-09-12,177444,1,13.1,12.8
2017-09-13,183385,1,14.6,12.7
2017-09-14,181018,1,11.4,12.6
2017-09-15,172984,1,12.6,12.6
2017-09-16,137033,0,12.6,12.6
2017-09-17,119547,0,12.2,12.5
2017-09-18,174470,1,11.4,12.4
2017-09-19,181130,1,11.3,12.4
2017-09-20,179659,1,12.2,12.3
2017-09-21,175968,1,14.5,12.2
2017-09-22,174250,1,15.9,12.2
2017-09-23,138032,0,15.7,12.1
2017-09-24,121802,0,15.4,12.1
2017-09-25,173904,1,15.2,12.0
2017-09-26,180007,1,15.8,12.0
2017-09-27,181173,1,16.7,11.9
2017-09-28,180621,1,17.9,11.8
2017-09-29,181344,1,18.0,11.8
2017-09-30,145076,0,16.9,11.7
2017-10-01,122845,0,14.0,11.7
2017-10-02,158101,1,14.9,11.6
2017-10-03,132906,0,12.8,11.5
2017-10-04,179579,1,12.2,11.5
2017-10-05,181230,1,13.2,11.4
2017-10-06,182371,1,7.4,11.4
2017-10-07,144665,0,10.1,11.3
2017-10-08,128546,0,10.9,11.3
2017-10-09,185718,1,11.4,11.2
2017-10-10,194812,1,11.4,11.1
2017-10-11,191720,1,14.4,11.1
2017-10-12,190567,1,14.4,11.0
2017-10-13,186077,1,16.2,11.0
2017-10-14,148731,0,18.2,10.9
2017-10-15,128135,0,19.0,10.9
2017-10-16,187253,1,19.8,10.8
2017-10-17,191928,1,17.2,10.7
2017-10-18,191827,1,16.8,10.7
2017-10-19,191330,1,16.3,10.6
2017-10-20,190763,1,14.9,10.6
2017-10-21,151967,0,15.3,10.5
2017-10-22,133788,0,9.1,10.5
2017-10-23,193880,1,8.8,10.4
2017-10-24,196219,1,12.0,10.3
2017-10-25,196362,1,14.7,10.3
2017-10-26,195431,1,14.7,10.2
2017-10-27,192726,1,11.0,10.2
2017-10-28,155087,0,8.4,10.1
2017-10-29,143127,0,9.3,10.1
2017-10-30,164823,1,6.0,10.0
2017-10-31,139898,0,6.8,9.9
2017-11-01,138189,0,9.6,9.9
2017-11-02,184883,1,10.8,9.8
2017-11-03,188332,1,11.0,9.8
2017-11-04,154509,0,11.9,9.7
2017-11-05,138368,0,8.2,9.7
2017-11-06,197441,1,5.1,9.6
2017-11-07,206317,1,5.9,9.6
2017-11-08,206907,1,6.5,9.5
2017-11-09,204962,1,6.4,9.5
2017-11-10,202148,1,5.3,9.4
2017-11-11,163666,0,6.8,9.4
2017-11-12,147656,0,5.7,9.3
2017-11-13,205325,1,3.4,9.3
2017-11-14,209566,1,3.6,9.2
2017-11-15,208074,1,3.1,9.2
2017-11-16,210764,1,3.1,9.1
2017-11-17,207029,1,3.3,9.1
2017-11-18,170141,0,3.6,9.1
2017-11-19,151785,0,3.6,9.0
2017-11-20,207570,1,2.6,9.0
2017-11-21,209947,1,6.6,8.9
2017-11-22,209460,1,8.4,8.9
2017-11-23,206972,1,9.4,8.9
2017-11-24,201132,1,10.5,8.8
2017-11-25,167968,0,6.3,8.8
2017-11-26,151367,0,1.9,8.7
2017-11-27,204918,1,3.3,8.7
2017-11-28,207393,1,4.0,8.7
2017-11-29,206676,1,2.2,8.6
2017-11-30,207719,1,1.1,8.6
2017-12-01,203902,1,-0.2,8.6
2017-12-02,169872,0,-0.6,8.6
2017-12-03,154358,0,-1.9,8.5
2017-12-04,207280,1,0.8,8.5
2017-12-05,208292,1,1.8,8.5
2017-12-06,207541,1,2.4,8.4
2017-12-07,204400,1,2.9,8.4
2017-12-08,200726,1,2.8,8.4
2017-12-09,166916,0,-1.2,8.4
2017-12-10,152338,0,0.6,8.4
2017-12-11,202658,1,3.8,8.4
2017-12-12,207809,1,1.4,8.3
2017-12-13,205420,1,1.8,8.3
2017-12-14,203347,1,4.3,8.3
2017-12-15,195427,1,2.5,8.3
2017-12-16,161392,0,1.5,8.3
2017-12-17,146689,0,0.0,8.3
2017-12-18,194808,1,0.2,8.3
2017-12-19,198135,1,1.1,8.3
2017-12-20,194305,1,1.9,8.3
2017-12-21,184046,1,3.4,8.3
2017-12-22,166301,1,4.7,8.3
2017-12-23,139850,0,5.5,8.3
2017-12-24,123649,0,4.8,8.3
2017-12-25,120527,0,3.6,8.3
2017-12-26,124671,0,4.8,8.3
2017-12-27,145704,1,3.5,8.3
2017-12-28,150171,1,1.0,8.3
2017-12-29,147895,1,0.7,8.3
2017-12-30,134215,0,6.0,8.3
2017-12-31,117836,0,9.0,8.3
2018-01-01,118195,0,5.9,8.4
2018-01-02,161049,1,4.4,8.4
2018-01-03,173224,1,8.1,8.4
2018-01-04,174995,1,8.1,8.4
2018-01-05,171133,1,8.9,8.4
2018-01-06,132830,0,7.2,8.5
2018-01-07,132819,0,5.1,8.5
2018-01-08,186829,1,5.0,8.5
2018-01-09,192389,1,5.8,8.5
2018-01-10,190873,1,5.8,8.6
2018-01-11,192690,1,4.5,8.6
2018-01-12,191951,1,3.4,8.6
2018-01-13,157611,0,3.0,8.7
2018-01-14,142325,0,1.8,8.7
2018-01-15,198687,1,3.1,8.7
2018-01-16,202024,1,6.4,8.8
2018-01-17,204998,1,2.1,8.8
2018-01-18,201342,1,6.0,8.8
2018-01-19,194608,1,3.3,8.9
2018-01-20,160868,0,2.8,8.9
2018-01-21,142446,0,1.4,9.0
2018-01-22,195774,1,5.1,9.0
2018-01-23,198490,1,4.9,9.1
2018-01-24,192625,1,7.2,9.1
2018-01-25,192734,1,7.7,9.1
2018-01-26,190458,1,6.3,9.2
2018-01-27,154130,0,6.1,9.2
2018-01-28,136529,0,5.8,9.3
2018-01-29,189766,1,6.8,9.3
2018-01-30,195425,1,6.7,9.4
2018-01-31,195726,1,6.7,9.4
2018-02-01,198319,1,3.5,9.5
2018-02-02,192949,1,2.0,9.5
2018-02-03,157375,0,2.0,9.6
2018-02-04,143648,0,1.1,9.6
2018-02-05,197903,1,1.0,9.7
2018-02-06,200880,1,1.0,9.7
2018-02-07,204598,1,0.1,9.8
2018-02-08,200488,1,0.3,9.8
2018-02-09,200206,1,1.0,9.9
2018-02-10,160797,0,1.0,9.9
2018-02-11,143119,0,2.0,10.0
2018-02-12,191369,1,0.3,10.0
2018-02-13,195973,1,0.1,10.1
2018-02-14,200218,1,0.4,10.2
2018-02-15,200560,1,1.6,10.2
2018-02-16,192591,1,5.4,10.3
2018-02-17,162549,0,1.4,10.3
2018-02-18,147116,0,1.0,10.4
2018-02-19,199291,1,-0.2,10.4
2018-02-20,205958,1,-0.4,10.5
2018-02-21,204991,1,-0.5,10.6
2018-02-22,207700,1,-1.3,10.6
2018-02-23,204049,1,-1.5,10.7
2018-02-24,164909,0,-1.0,10.7
2018-02-25,148406,0,-5.1,10.8
2018-02-26,204166,1,-7.5,10.9
2018-02-27,213427,1,-8.4,10.9
2018-02-28,213823,1,-7.5,11.0
2018-03-01,212516,1,-4.1,11.0
2018-03-02,208625,1,-2.0,11.1
2018-03-03,164974,0,2.0,11.1
2018-03-04,140174,0,5.4,11.2
2018-03-05,186923,1,6.0,11.2
2018-03-06,193768,1,5.3,11.3
2018-03-07,194291,1,5.2,11.4
2018-03-08,190690,1,6.4,11.4
2018-03-09,187421,1,8.4,11.5
2018-03-10,147900,0,8.8,11.6
2018-03-11,131514,0,10.2,11.6
2018-03-12,181404,1,9.3,11.7
2018-03-13,191205,1,6.8,11.7
2018-03-14,186844,1,7.6,11.8
2018-03-15,190237,1,6.9,11.8
2018-03-16,185740,1,7.4,11.9
2018-03-17,159064,0,3.2,12.0
2018-03-18,149815,0,-0.7,12.0
2018-03-19,199872,1,-0.6,12.1
2018-03-20,203440,1,-0.5,12.2
2018-03-21,199257,1,0.6,12.2
2018-03-22,198170,1,1.6,12.3
2018-03-23,193871,1,4.5,12.3
2018-03-24,152956,0,5.8,12.4
2018-03-25,128291,0,8.1,12.4
2018-03-26,187185,1,7.3,12.5
2018-03-27,188066,1,7.2,12.6
2018-03-28,186483,1,9.2,12.6
2018-03-29,178924,1,6.3,12.7
2018-03-30,132760,0,8.4,12.8
2018-03-31,131277,0,7.6,12.8
2018-04-01,118972,0,5.8,12.9
2018-04-02,118212,0,9.5,12.9
2018-04-03,170247,1,14.5,13.0
2018-04-04,178996,1,12.1,13.0
2018-04-05,181970,1,8.7,13.1
2018-04-06,175977,1,9.4,13.2
2018-04-07,140424,0,14.7,13.2
2018-04-08,120971,0,16.7,13.3
2018-04-09,176705,1,15.6,13.4
2018-04-10,178799,1,13.3,13.4
2018-04-11,178382,1,13.7,13.5
2018-04-12,177508,1,15.3,13.5
2018-04-13,178873,1,11.0,13.6
2018-04-14,139107,0,15.1,13.6
2018-04-15,119653,0,15.5,13.7
2018-04-16,174499,1,15.6,13.8
2018-04-17,177741,1,17.7,13.8
2018-04-18,175640,1,18.7,13.9
2018-04-19,175510,1,20.0,13.9
2018-04-20,174917,1,23.2,14.0
2018-04-21,137659,0,22.3,14.0
2018-04-22,118820,0,22.0,14.1
2018-04-23,176552,1,17.3,14.2
2018-04-24,178841,1,17.0,14.2
2018-04-25,179389,1,16.5,14.3
2018-04-26,177095,1,11.9,14.3
2018-04-27,172812,1,15.7,14.4
2018-04-28,135262,0,16.2,14.4
2018-04-29,116419,0,19.4,14.5
2018-04-30,148845,1,13.4,14.5
2018-05-01,119018,0,11.0,14.6
2018-05-02,168906,1,13.5,14.6
2018-05-03,176852,1,14.1,14.7
2018-05-04,173264,1,16.0,14.8
2018-05-05,135949,0,18.1,14.8
2018-05-06,118165,0,19.1,14.8
2018-05-07,172476,1,19.2,14.9
2018-05-08,177583,1,20.0,15.0
2018-05-09,173428,1,19.8,15.0
2018-05-10,129273,0,14.6,15.0
2018-05-11,147841,1,16.8,15.1
2018-05-12,130672,0,21.0,15.1
2018-05-13,119221,0,15.2,15.2
2018-05-14,175905,1,15.0,15.2
2018-05-15,177819,1,15.8,15.3
2018-05-16,180202,1,13.8,15.3
2018-05-17,178351,1,14.0,15.4
2018-05-18,170735,1,16.2,15.4
2018-05-19,132023,0,15.8,15.4
2018-05-20,110677,0,15.4,15.5
2018-05-21,110895,0,19.2,15.5
2018-05-22,163699,1,20.4,15.6
2018-05-23,168934,1,19.5,15.6
2018-05-24,169923,1,20.9,15.6
2018-05-25,165134,1,22.4,15.7
2018-05-26,131168,0,23.4,15.7
2018-05-27,115430,0,24.2,15.7
2018-05-28,170517,1,24.3,15.8
2018-05-29,175327,1,21.7,15.8
2018-05-30,169792,1,23.7,15.8
2018-05-31,126572,0,23.0,15.9
2018-06-01,144611,1,20.3,15.9
2018-06-02,127865,0,21.4,15.9
2018-06-03,116131,0,23.0,16.0
2018-06-04,173602,1,23.2,16.0
2018-06-05,183391,1,23.3,16.0
2018-06-06,185484,1,23.4,16.0
2018-06-07,180891,1,22.2,16.0
2018-06-08,179573,1,22.9,16.0
2018-06-09,140200,0,23.1,16.0
2018-06-10,122041,0,24.2,16.1
2018-06-11,180427,1,22.4,16.1
2018-06-12,183297,1,17.7,16.1
2018-06-13,180048,1,14.8,16.1
2018-06-14,176026,1,18.5,16.1
2018-06-15,170357,1,20.2,16.2
2018-06-16,135189,0,22.6,16.2
2018-06-17,119392,0,19.6,16.2
2018-06-18,172198,1,20.4,16.2
2018-06-19,180049,1,22.0,16.2
2018-06-20,182648,1,26.4,16.2
2018-06-21,182984,1,21.8,16.2
2018-06-22,172690,1,14.2,16.2
2018-06-23,135386,0,16.0,16.2
2018-06-24,116861,0,17.3,16.2
2018-06-25,172312,1,17.6,16.2
2018-06-26,181163,1,19.9,16.2
2018-06-27,179584,1,20.4,16.1
2018-06-28,178051,1,19.3,16.1
2018-06-29,177831,1,22.1,16.1
2018-06-30,146701,0,24.3,16.1
2018-07-01,129213,0,21.3,16.1
2018-07-02,180783,1,22.4,16.1
2018-07-03,185112,1,24.1,16.1
2018-07-04,183526,1,25.0,16.0
2018-07-05,183201,1,19.8,16.0
2018-07-06,179227,1,20.9,16.0
2018-07-07,137862,0,22.3,16.0
2018-07-08,119500,0,22.4,16.0
2018-07-09,175378,1,22.7,15.9
2018-07-10,179712,1,18.4,15.9
2018-07-11,177878,1,17.8,15.9
2018-07-12,176321,1,20.3,15.8
2018-07-13,176369,1,23.7,15.8
2018-07-14,139777,0,24.2,15.8
2018-07-15,122918,0,24.5,15.8
2018-07-16,175164,1,23.7,15.7
2018-07-17,182768,1,24.1,15.7
2018-07-18,182190,1,23.9,15.7
2018-07-19,179597,1,24.2,15.6
2018-07-20,179264,1,25.7,15.6
2018-07-21,140395,0,21.4,15.6
2018-07-22,122651,0,21.3,15.5
2018-07-23,175018,1,23.7,15.5
2018-07-24,182553,1,26.3,15.4
2018-07-25,184927,1,27.8,15.4
2018-07-26,184368,1,27.4,15.4
2018-07-27,179094,1,27.2,15.3
2018-07-28,142529,0,23.8,15.3
2018-07-29,123996,0,25.8,15.2
2018-07-30,177708,1,29.2,15.2
2018-07-31,184985,1,29.5,15.1
2018-08-01,184313,1,26.9,15.1
2018-08-02,180680,1,26.5,15.0
2018-08-03,177614,1,28.6,15.0
2018-08-04,144731,0,29.4,14.9
2018-08-05,127087,0,26.3,14.9
2018-08-06,172200,1,27.7,14.8
2018-08-07,180015,1,27.7,14.8
2018-08-08,176320,1,25.8,14.8
2018-08-09,171896,1,25.1,14.7
2018-08-10,162429,1,19.6,14.6
2018-08-11,130937,0,20.1,14.6
2018-08-12,115706,0,23.9,14.5
2018-08-13,162445,1,20.8,14.5
2018-08-14,165302,1,20.6,14.4
2018-08-15,163520,1,21.7,14.4
2018-08-16,163903,1,25.4,14.3
2018-08-17,165345,1,24.8,14.3
2018-08-18,134543,0,22.6,14.2
2018-08-19,120382,0,24.4,14.2
2018-08-20,167523,1,24.1,14.1
2018-08-21,173897,1,24.6,14.0
2018-08-22,176594,1,27.1,14.0
2018-08-23,177707,1,25.8,14.0
2018-08-24,171022,1,18.8,13.9
2018-08-25,133229,0,14.3,13.8
2018-08-26,115058,0,16.2,13.8
2018-08-27,166242,1,17.3,13.7
2018-08-28,171532,1,22.4,13.6
2018-08-29,174708,1,22.6,13.6
2018-08-30,174797,1,18.2,13.6
2018-08-31,172517,1,14.9,13.5
2018-09-01,131799,0,15.4,13.4
2018-09-02,118924,0,14.8,13.4
2018-09-03,170638,1,17.1,13.3
2018-09-04,174883,1,20.0,13.3
2018-09-05,174669,1,21.9,13.2
2018-09-06,175595,1,21.2,13.1
2018-09-07,172749,1,17.9,13.1
2018-09-08,134642,0,18.4,13.0
2018-09-09,119320,0,20.3,13.0
2018-09-10,172774,1,22.1,12.9
2018-09-11,179020,1,23.1,12.8
2018-09-12,179691,1,24.3,12.8
2018-09-13,177698,1,20.2,12.7
2018-09-14,170791,1,18.8,12.7
2018-09-15,131423,0,17.7,12.6
2018-09-16,115879,0,20.0,12.6
2018-09-17,171463,1,23.2,12.5
2018-09-18,180899,1,22.6,12.4
2018-09-19,179269,1,22.8,12.4
2018-09-20,179184,1,23.2,12.3
2018-09-21,178435,1,19.4,12.2
2018-09-22,136657,0,14.3,12.2
2018-09-23,123970,0,18.3,12.1
2018-09-24,171142,1,10.9,12.1
2018-09-25,176665,1,10.4,12.0
2018-09-26,179122,1,13.3,12.0
2018-09-27,178574,1,19.2,11.9
2018-09-28,175506,1,16.3,11.9
2018-09-29,137475,0,12.3,11.8
2018-09-30,122827,0,14.2,11.7
2018-10-01,176058,1,10.2,11.7
2018-10-02,180127,1,7.8,11.6
2018-10-03,137701,0,12.2,11.6
2018-10-04,171275,1,14.8,11.5
2018-10-05,175193,1,17.8,11.4
2018-10-06,143186,0,18.1,11.4
2018-10-07,125952,0,16.6,11.3
2018-10-08,178966,1,16.3,11.3
2018-10-09,184151,1,16.8,11.2
2018-10-10,182556,1,17.1,11.1
2018-10-11,181939,1,16.7,11.1
2018-10-12,177509,1,19.6,11.0
2018-10-13,139796,0,20.0,11.0
2018-10-14,122803,0,19.7,10.9
2018-10-15,175614,1,18.4,10.9
2018-10-16,181837,1,18.3,10.8
2018-10-17,182562,1,17.4,10.7
2018-10-18,183815,1,15.7,10.7
2018-10-19,179543,1,14.5,10.6
2018-10-20,142939,0,14.0,10.6
2018-10-21,126660,0,11.7,10.5
2018-10-22,179914,1,10.4,10.5
2018-10-23,188196,1,10.3,10.4
2018-10-24,190792,1,11.1,10.3
2018-10-25,188160,1,12.5,10.3
2018-10-26,184022,1,10.4,10.2
2018-10-27,150742,0,6.7,10.2
2018-10-28,143949,0,3.9,10.1
2018-10-29,191811,1,5.5,10.1
2018-10-30,200672,1,5.7,10.0
2018-10-31,188472,1,8.0,10.0
2018-11-01,136131,0,9.0,9.9
2018-11-02,155932,1,9.4,9.9
2018-11-03,138136,0,8.8,9.8
2018-11-04,127196,0,10.4,9.7
2018-11-05,182625,1,11.8,9.7
2018-11-06,191343,1,12.8,9.6
2018-11-07,188149,1,12.0,9.6
2018-11-08,192128,1,10.6,9.5
2018-11-09,189685,1,10.8,9.5
2018-11-10,151057,0,10.9,9.4
2018-11-11,134342,0,11.7,9.4
2018-11-12,187186,1,13.1,9.3
2018-11-13,195280,1,10.5,9.3
2018-11-14,196771,1,9.2,9.2
2018-11-15,201878,1,6.5,9.2
2018-11-16,197015,1,6.0,9.1
2018-11-17,158554,0,4.7,9.1
2018-11-18,143510,0,3.4,9.1
2018-11-19,200941,1,1.4,9.0
2018-11-20,204484,1,2.7,9.0
2018-11-21,208892,1,2.4,8.9
2018-11-22,209358,1,3.6,8.9
2018-11-23,198404,1,4.2,8.9
2018-11-24,159140,0,5.5,8.8
2018-11-25,144438,0,4.7,8.8
2018-11-26,201425,1,3.8,8.7
2018-11-27,210428,1,2.8,8.7
2018-11-28,214748,1,3.0,8.7
2018-11-29,213018,1,4.6,8.6
2018-11-30,207260,1,5.3,8.6
2018-12-01,162385,0,6.1,8.6
2018-12-02,149311,0,9.0,8.6
2018-12-03,199805,1,11.7,8.5
2018-12-04,201451,1,7.7,8.5
2018-12-05,199020,1,5.5,8.5
2018-12-06,196552,1,8.6,8.4
2018-12-07,194222,1,9.8,8.4
2018-12-08,162419,0,6.4,8.4
2018-12-09,146493,0,7.2,8.4
2018-12-10,197660,1,4.0,8.4
2018-12-11,204320,1,2.0,8.4
2018-12-12,203275,1,1.4,8.3
2018-12-13,206016,1,-0.2,8.3
2018-12-14,200783,1,-1.0,8.3
2018-12-15,169548,0,-1.3,8.3
2018-12-16,153634,0,1.0,8.3
2018-12-17,194645,1,1.7,8.3
2018-12-18,196350,1,1.8,8.3
2018-12-19,195779,1,3.4,8.3
2018-12-20,183236,1,4.5,8.3
2018-12-21,168293,1,7.4,8.3
2018-12-22,139562,0,9.3,8.3
2018-12-23,127697,0,8.0,8.3
2018-12-24,130757,1,4.8,8.3
2018-12-25,127975,0,2.7,8.3
2018-12-26,129770,0,2.0,8.3
2018-12-27,147069,1,2.2,8.3
2018-12-28,144261,1,2.4,8.3
2018-12-29,139714,0,1.2,8.3
2018-12-30,129681,0,3.2,8.3
2018-12-31,128805,1,4.0,8.3
2019-01-01,124915,0,4.1,8.4
2019-01-02,164019,1,1.1,8.4
2019-01-03,174042,1,0.0,8.4
2019-01-04,174016,1,0.3,8.4
2019-01-05,155259,0,1.8,8.4
2019-01-06,141466,0,2.3,8.4
2019-01-07,190965,1,1.9,8.5
2019-01-08,201944,1,4.0,8.5
2019-01-09,203600,1,0.9,8.5
2019-01-10,205055,1,-0.5,8.6
2019-01-11,208659,1,-1.5,8.6
2019-01-12,172606,0,2.2,8.6
2019-01-13,153243,0,4.6,8.6
2019-01-14,200550,1,3.7,8.7
2019-01-15,202795,1,2.1,8.7
2019-01-16,196227,1,2.1,8.8
2019-01-17,201728,1,4.0,8.8
2019-01-18,197515,1,-0.4,8.8
2019-01-19,166502,0,-2.2,8.9
2019-01-20,150455,0,-1.6,8.9
2019-01-21,200704,1,-1.5,9.0
2019-01-22,208256,1,-2.8,9.0
2019-01-23,213993,1,-3.2,9.0
2019-01-24,212465,1,-3.8,9.1
2019-01-25,204381,1,-3.2,9.1
2019-01-26,164625,0,1.9,9.2
2019-01-27,144861,0,3.9,9.2
2019-01-28,199807,1,1.1,9.3
2019-01-29,204137,1,0.0,9.3
2019-01-30,206341,1,0.8,9.4
2019-01-31,204099,1,0.2,9.4
2019-02-01,198994,1,2.5,9.5
2019-02-02,157541,0,3.3,9.5
2019-02-03,148988,0,0.6,9.6
2019-02-04,197439,1,-0.2,9.6
2019-02-05,201967,1,1.0,9.7
2019-02-06,204191,1,1.2,9.7
2019-02-07,204165,1,2.2,9.8
2019-02-08,194943,1,3.6,9.8
2019-02-09,160009,0,6.3,9.9
2019-02-10,141995,0,6.9,9.9
2019-02-11,198037,1,2.7,10.0
2019-02-12,202036,1,2.0,10.0
2019-02-13,199460,1,3.9,10.1
2019-02-14,195958,1,5.7,10.1
2019-02-15,190668,1,8.1,10.2
2019-02-16,153904,0,9.4,10.3
2019-02-17,136244,0,9.0,10.3
2019-02-18,187392,1,9.8,10.4
2019-02-19,194638,1,7.3,10.4
2019-02-20,191925,1,7.1,10.5
2019-02-21,189754,1,8.9,10.6
2019-02-22,185775,1,8.1,10.6
2019-02-23,151560,0,4.7,10.7
2019-02-24,134578,0,6.5,10.7
2019-02-25,184559,1,8.6,10.8
2019-02-26,186599,1,11.4,10.8
2019-02-27,187009,1,13.6,10.9
2019-02-28,183774,1,11.6,11.0
2019-03-01,183636,1,7.7,11.0
2019-03-02,145560,0,7.0,11.1
2019-03-03,132335,0,9.2,11.1
2019-03-04,181429,1,8.8,11.2
2019-03-05,187479,1,6.5,11.2
2019-03-06,186116,1,9.5,11.3
2019-03-07,186836,1,8.5,11.4
2019-03-08,185140,1,7.3,11.4
2019-03-09,153534,0,8.6,11.5
2019-03-10,134550,0,10.1,11.5
2019-03-11,191153,1,3.8,11.6
2019-03-12,190995,1,5.2,11.6
2019-03-13,195048,1,5.2,11.7
2019-03-14,197388,1,5.0,11.8
2019-03-15,193305,1,8.2,11.8
2019-03-16,150373,0,10.2,11.9
2019-03-17,139036,0,9.2,12.0
2019-03-18,190362,1,4.8,12.0
2019-03-19,191248,1,6.3,12.1
2019-03-20,188642,1,7.4,12.1
2019-03-21,184526,1,9.1,12.2
2019-03-22,180078,1,11.5,12.2
2019-03-23,141867,0,14.4,12.3
2019-03-24,124683,0,11.5,12.4
2019-03-25,182437,1,5.7,12.4
2019-03-26,188176,1,5.2,12.5
2019-03-27,186477,1,7.0,12.6
2019-03-28,180440,1,9.1,12.6
2019-03-29,174988,1,11.8,12.7
2019-03-30,139599,0,14.0,12.7
2019-03-31,119484,0,13.8,12.8
2019-04-01,175439,1,11.8,12.8
2019-04-02,182838,1,14.0,12.9
2019-04-03,187706,1,9.4,13.0
2019-04-04,190466,1,4.7,13.0
2019-04-05,184720,1,6.9,13.1
2019-04-06,143552,0,10.4,13.2
2019-04-07,127146,0,11.1,13.2
2019-04-08,178958,1,10.7,13.3
2019-04-09,186598,1,11.0,13.3
2019-04-10,188288,1,9.7,13.4
2019-04-11,182856,1,7.6,13.4
2019-04-12,181063,1,6.1,13.5
2019-04-13,146944,0,4.6,13.6
2019-04-14,132511,0,5.9,13.6
2019-04-15,178583,1,10.2,13.7
2019-04-16,182745,1,12.4,13.7
2019-04-17,181643,1,13.4,13.8
2019-04-18,172288,1,14.9,13.8
2019-04-19,122074,0,17.2,13.9
2019-04-20,120414,0,17.5,14.0
2019-04-21,105260,0,17.8,14.0
2019-04-22,111421,0,17.3,14.1
2019-04-23,164488,1,17.2,14.1
2019-04-24,170454,1,18.0,14.2
2019-04-25,170031,1,17.0,14.2
2019-04-26,170050,1,8.8,14.3
2019-04-27,132784,0,9.4,14.4
2019-04-28,117837,0,8.4,14.4
2019-04-29,169570,1,9.4,14.5
2019-04-30,172894,1,11.4,14.5
2019-05-01,119668,0,15.8,14.6
2019-05-02,166037,1,14.1,14.6
2019-05-03,173564,1,11.0,14.7
2019-05-04,141386,0,5.8,14.7
2019-05-05,126618,0,6.3,14.8
2019-05-06,178534,1,8.4,14.8
2019-05-07,178613,1,11.2,14.9
2019-05-08,183028,1,9.8,14.9
2019-05-09,179972,1,10.7,15.0
2019-05-10,173846,1,13.2,15.0
2019-05-11,139148,0,11.9,15.1
2019-05-12,121642,0,9.9,15.1
2019-05-13,171861,1,11.3,15.2
2019-05-14,177040,1,10.7,15.2
2019-05-15,176978,1,10.2,15.3
2019-05-16,176935,1,11.2,15.3
2019-05-17,172315,1,15.1,15.3
2019-05-18,135158,0,16.2,15.4
2019-05-19,119757,0,16.4,15.4
2019-05-20,174192,1,14.2,15.5
2019-05-21,184328,1,11.0,15.5
2019-05-22,177515,1,14.3,15.6
2019-05-23,173196,1,17.3,15.6
2019-05-24,169861,1,19.2,15.6
2019-05-25,133112,0,18.0,15.6
2019-05-26,115999,0,18.2,15.7
2019-05-27,168322,1,17.1,15.7
2019-05-28,173986,1,13.9,15.8
2019-05-29,170646,1,13.8,15.8
2019-05-30,121465,0,17.2,15.8
2019-05-31,139630,1,19.8,15.9
2019-06-01,125436,0,23.4,15.9
2019-06-02,116229,0,25.2,15.9
2019-06-03,174258,1,24.2,15.9
2019-06-04,178995,1,24.9,16.0
2019-06-05,181153,1,25.0,16.0
2019-06-06,177366,1,13.5,16.0
2019-06-07,168044,1,19.3,16.0
2019-06-08,127766,0,17.1,16.0
2019-06-09,109143,0,18.6,16.0
2019-06-10,114485,0,18.1,16.1
2019-06-11,161714,1,16.5,16.1
2019-06-12,167243,1,15.7,16.1
2019-06-13,166824,1,19.4,16.1
2019-06-14,166756,1,22.0,16.1
2019-06-15,131862,0,20.3,16.2
2019-06-16,115691,0,18.3,16.2
2019-06-17,163532,1,21.5,16.2
2019-06-18,173302,1,24.8,16.2
2019-06-19,171149,1,24.5,16.2
2019-06-20,125580,0,20.6,16.2
2019-06-21,142802,1,20.5,16.2
2019-06-22,128913,0,19.0,16.2
2019-06-23,116386,0,22.1,16.2
2019-06-24,174820,1,25.4,16.2
2019-06-25,185650,1,29.0,16.2
2019-06-26,188997,1,32.1,16.2
2019-06-27,187491,1,27.7,16.1
2019-06-28,177436,1,25.2,16.1
2019-06-29,140518,0,26.7,16.1
2019-06-30,128453,0,29.8,16.1
2019-07-01,182916,1,24.7,16.1
2019-07-02,182284,1,21.9,16.1
2019-07-03,180077,1,20.9,16.1
2019-07-04,176985,1,22.6,16.0
2019-07-05,175379,1,24.0,16.0
2019-07-06,140084,0,25.2,16.0
2019-07-07,121316,0,20.1,16.0
2019-07-08,172252,1,17.7,16.0
2019-07-09,174059,1,17.2,15.9
2019-07-10,173182,1,19.3,15.9
2019-07-11,175584,1,16.6,15.9
2019-07-12,174901,1,19.5,15.8
2019-07-13,132001,0,18.4,15.8
2019-07-14,117279,0,17.8,15.8
2019-07-15,169233,1,18.1,15.8
2019-07-16,174274,1,21.2,15.7
2019-07-17,175657,1,22.2,15.7
2019-07-18,175343,1,22.4,15.7
2019-07-19,174603,1,22.2,15.6
2019-07-20,139869,0,25.1,15.6
2019-07-21,124083,0,23.1,15.6
2019-07-22,177641,1,25.2,15.5
2019-07-23,186264,1,27.5,15.5
2019-07-24,191031,1,30.4,15.4
2019-07-25,189776,1,30.4,15.4
2019-07-26,186423,1,27.8,15.4
2019-07-27,141451,0,23.2,15.3
2019-07-28,125099,0,18.4,15.3
2019-07-29,169220,1,21.2,15.2
2019-07-30,177824,1,23.2,15.2
2019-07-31,173420,1,20.1,15.2
2019-08-01,168156,1,21.4,15.1
2019-08-02,165768,1,21.6,15.0
2019-08-03,129810,0,20.1,15.0
2019-08-04,115009,0,23.3,15.0
2019-08-05,163133,1,23.2,14.9
2019-08-06,168488,1,22.8,14.9
2019-08-07,166889,1,18.4,14.8
2019-08-08,159803,1,22.1,14.8
2019-08-09,161708,1,25.2,14.7
2019-08-10,127807,0,20.5,14.6
2019-08-11,114528,0,22.1,14.6
2019-08-12,154036,1,17.5,14.6
2019-08-13,156553,1,16.9,14.5
2019-08-14,155504,1,18.3,14.4
2019-08-15,154009,1,17.4,14.4
2019-08-16,146803,1,19.6,14.4
2019-08-17,118743,0,18.6,14.3
2019-08-18,108345,0,23.4,14.2
2019-08-19,154872,1,20.1,14.2
2019-08-20,159561,1,16.2,14.1
2019-08-21,155999,1,18.2,14.1
2019-08-22,156408,1,20.6,14.0
2019-08-23,154024,1,21.8,14.0
2019-08-24,121502,0,23.4,13.9
2019-08-25,109090,0,25.4,13.8
2019-08-26,164648,1,25.1,13.8
2019-08-27,172825,1,25.8,13.7
2019-08-28,173218,1,25.5,13.7
2019-08-29,172596,1,24.0,13.6
2019-08-30,166892,1,24.1,13.6
2019-08-31,130326,0,25.4,13.5
2019-09-01,116742,0,20.2,13.4
2019-09-02,163459,1,16.7,13.4
2019-09-03,167509,1,19.0,13.3
2019-09-04,167979,1,20.4,13.3
2019-09-05,168290,1,15.3,13.2
2019-09-06,164162,1,15.0,13.2
2019-09-07,122450,0,13.8,13.1
2019-09-08,117523,0,11.8,13.0
2019-09-09,166200,1,12.8,13.0
2019-09-10,170614,1,15.6,12.9
2019-09-11,172090,1,16.8,12.8
2019-09-12,170214,1,18.6,12.8
2019-09-13,166128,1,19.7,12.7
2019-09-14,129850,0,20.2,12.7
2019-09-15,116111,0,22.9,12.6
2019-09-16,167823,1,21.2,12.6
2019-09-17,174165,1,16.4,12.5
2019-09-18,170519,1,13.5,12.4
2019-09-19,167640,1,12.3,12.4
2019-09-20,164179,1,13.0,12.3
2019-09-21,129095,0,16.4,12.3
2019-09-22,117463,0,18.7,12.2
2019-09-23,171224,1,14.8,12.2
2019-09-24,176997,1,15.2,12.1
2019-09-25,180048,1,14.4,12.0
2019-09-26,179719,1,14.2,12.0
2019-09-27,177526,1,15.2,11.9
2019-09-28,139930,0,14.7,11.9
2019-09-29,125566,0,16.4,11.8
2019-09-30,178306,1,14.2,11.8
2019-10-01,182326,1,16.1,11.7
2019-10-02,178415,1,11.4,11.6
2019-10-03,131705,0,10.6,11.6
2019-10-04,149838,1,9.4,11.5
2019-10-05,137126,0,11.0,11.5
2019-10-06,126923,0,9.9,11.4
2019-10-07,176672,1,11.1,11.3
2019-10-08,186843,1,12.7,11.3
2019-10-09,188816,1,10.8,11.2
2019-10-10,187265,1,10.9,11.2
2019-10-11,180199,1,13.4,11.1
2019-10-12,144377,0,16.6,11.1
2019-10-13,126432,0,18.5,11.0
2019-10-14,177368,1,19.6,10.9
2019-10-15,186115,1,15.6,10.9
2019-10-16,183030,1,12.2,10.8
2019-10-17,182776,1,13.7,10.8
2019-10-18,181063,1,13.5,10.7
2019-10-19,144410,0,12.5,10.6
2019-10-20,124508,0,15.9,10.6
2019-10-21,179808,1,14.0,10.5
2019-10-22,184958,1,14.2,10.5
2019-10-23,184872,1,14.8,10.4
2019-10-24,182242,1,14.8,10.4
2019-10-25,177075,1,14.4,10.3
2019-10-26,140333,0,15.0,10.2
2019-10-27,131688,0,14.3,10.2
2019-10-28,179969,1,8.2,10.1
2019-10-29,186058,1,7.0,10.1
2019-10-30,184980,1,6.4,10.0
2019-10-31,176362,1,6.9,10.0
2019-11-01,131805,0,9.1,9.9
2019-11-02,131727,0,12.9,9.9
2019-11-03,124909,0,10.8,9.8
2019-11-04,177365,1,9.9,9.8
2019-11-05,182435,1,8.5,9.7
2019-11-06,184958,1,7.7,9.7
2019-11-07,186447,1,6.8,9.6
2019-11-08,186949,1,5.6,9.5
2019-11-09,148978,0,5.4,9.5
2019-11-10,135294,0,4.9,9.4
2019-11-11,191048,1,4.2,9.4
2019-11-12,194756,1,4.3,9.3
2019-11-13,194210,1,3.9,9.3
2019-11-14,194363,1,3.6,9.3
2019-11-15,193148,1,4.3,9.2
2019-11-16,154797,0,5.0,9.2
2019-11-17,143323,0,3.7,9.1
2019-11-18,191342,1,4.3,9.1
2019-11-19,199507,1,4.1,9.0
2019-11-20,200199,1,4.6,9.0
2019-11-21,195292,1,4.1,8.9
2019-11-22,193711,1,4.8,8.9
2019-11-23,158095,0,6.2,8.9
2019-11-24,141983,0,7.0,8.8
2019-11-25,191706,1,7.0,8.8
2019-11-26,195141,1,8.1,8.8
2019-11-27,195733,1,9.2,8.7
2019-11-28,195084,1,8.8,8.7
2019-11-29,191503,1,6.6,8.6
2019-11-30,149906,0,4.1,8.6
2019-12-01,141896,0,2.2,8.6
2019-12-02,193991,1,1.8,8.6
2019-12-03,198072,1,2.1,8.5
2019-12-04,202214,1,2.9,8.5
2019-12-05,202925,1,4.0,8.5
2019-12-06,196841,1,3.4,8.4
2019-12-07,156925,0,6.4,8.4
2019-12-08,142067,0,7.4,8.4
2019-12-09,191866,1,5.8,8.4
2019-12-10,196662,1,2.5,8.4
2019-12-11,201739,1,2.3,8.4
2019-12-12,195148,1,2.3,8.3
2019-12-13,190317,1,3.1,8.3
2019-12-14,151965,0,6.2,8.3
2019-12-15,136786,0,9.0,8.3
2019-12-16,177823,1,7.8,8.3
2019-12-17,181540,1,9.0,8.3
2019-12-18,176395,1,9.4,8.3
2019-12-19,170210,1,7.5,8.3
2019-12-20,159475,1,7.2,8.3
2019-12-21,133798,0,5.7,8.3
2019-12-22,124058,0,6.0,8.3
2019-12-23,136608,1,5.8,8.3
2019-12-24,123536,1,5.9,8.3
2019-12-25,115236,0,6.1,8.3
2019-12-26,114846,0,3.6,8.3
2019-12-27,129551,1,5.1,8.3
2019-12-28,125395,0,1.7,8.3
2019-12-29,121331,0,1.1,8.3
2019-12-30,137130,1,2.8,8.3
2019-12-31,131060,1,3.2,8.3
2020-01-01,120931,0,2.8,8.4
2020-01-02,149250,1,3.0,8.4
2020-01-03,152645,1,4.9,8.4
2020-01-04,139629,0,3.9,8.4
2020-01-05,127212,0,3.5,8.4
2020-01-06,133441,0,3.9,8.4
2020-01-07,184059,1,3.9,8.5
2020-01-08,192440,1,3.5,8.5
2020-01-09,186741,1,8.1,8.5
2020-01-10,186122,1,6.5,8.6
2020-01-11,150644,0,5.2,8.6
2020-01-12,144642,0,3.3,8.6
2020-01-13,190987,1,4.9,8.6
2020-01-14,198155,1,6.2,8.7
2020-01-15,195698,1,6.4,8.7
2020-01-16,189867,1,7.6,8.7
2020-01-17,192170,1,6.4,8.8
2020-01-18,154946,0,3.0,8.8
2020-01-19,143034,0,1.2,8.9
2020-01-20,194164,1,1.5,8.9
2020-01-21,203484,1,2.7,8.9
2020-01-22,205278,1,3.0,9.0
2020-01-23,205094,1,3.0,9.0
2020-01-24,195032,1,3.3,9.1
2020-01-25,158574,0,3.0,9.1
2020-01-26,142850,0,4.3,9.2
2020-01-27,194453,1,6.0,9.2
2020-01-28,203027,1,4.2,9.3
2020-01-29,203582,1,2.2,9.3
2020-01-30,195812,1,4.9,9.3
2020-01-31,189171,1,10.5,9.4
2020-02-01,150494,0,10.4,9.4
2020-02-02,136980,0,9.2,9.5
2020-02-03,191789,1,10.2,9.6
2020-02-04,200581,1,3.7,9.6
2020-02-05,197193,1,2.8,9.6
2020-02-06,194915,1,4.7,9.7
2020-02-07,190252,1,5.2,9.7
2020-02-08,153672,0,5.0,9.8
2020-02-09,141601,0,7.0,9.9
2020-02-10,188222,1,8.0,9.9
2020-02-11,199837,1,3.3,10.0
2020-02-12,200450,1,2.6,10.0
2020-02-13,196667,1,3.2,10.1
2020-02-14,189206,1,6.2,10.1
2020-02-15,151828,0,6.8,10.2
2020-02-16,139097,0,9.5,10.2
2020-02-17,189144,1,8.3,10.3
2020-02-18,195040,1,5.0,10.4
2020-02-19,196662,1,4.2,10.4
2020-02-20,189370,1,6.0,10.5
2020-02-21,184787,1,4.1,10.5
2020-02-22,150277,0,7.6,10.6
2020-02-23,134279,0,10.0,10.6
2020-02-24,174536,1,9.1,10.7
2020-02-25,184403,1,7.3,10.8
2020-02-26,190001,1,2.1,10.8
2020-02-27,195516,1,1.6,10.9
2020-02-28,185447,1,4.8,10.9
2020-02-29,150748,0,7.1,11.0
2020-03-01,135945,0,6.5,11.0
2020-03-02,185747,1,4.8,11.1
2020-03-03,191185,1,4.3,11.2
2020-03-04,191842,1,4.7,11.2
2020-03-05,191763,1,3.6,11.3
2020-03-06,190255,1,4.8,11.4
2020-03-07,153188,0,4.0,11.4
2020-03-08,136144,0,5.6,11.5
2020-03-09,184626,1,6.1,11.5
2020-03-10,198110,1,4.8,11.6
2020-03-11,189576,1,11.8,11.6
2020-03-12,188593,1,11.4,11.7
2020-03-13,182933,1,6.3,11.8
2020-03-14,146145,0,6.4,11.8
2020-03-15,131602,0,8.8,11.9
2020-03-16,175067,1,11.3,11.9
2020-03-17,178981,1,12.3,12.0
2020-03-18,177438,1,12.9,12.1
2020-03-19,169716,1,13.7,12.1
2020-03-20,164177,1,13.2,12.2
2020-03-21,143800,0,4.6,12.2
2020-03-22,130469,0,3.6,12.3
2020-03-23,167238,1,2.8,12.4
2020-03-24,171343,1,3.2,12.4
2020-03-25,170080,1,3.8,12.5
2020-03-26,169532,1,4.9,12.6
2020-03-27,160019,1,7.8,12.6
2020-03-28,129952,0,10.1,12.7
2020-03-29,123856,0,4.0,12.7
2020-03-30,162809,1,2.0,12.8
2020-03-31,165663,1,4.1,12.8
2020-04-01,164032,1,6.8,12.9
2020-04-02,160311,1,7.9,13.0
2020-04-03,156439,1,7.4,13.0
2020-04-04,127148,0,9.7,13.1
2020-04-05,118667,0,13.0,13.2
2020-04-06,151420,1,15.4,13.2
2020-04-07,153189,1,15.4,13.3
2020-04-08,150318,1,16.2,13.3
2020-04-09,142616,1,16.4,13.4
2020-04-10,111233,0,15.9,13.4
2020-04-11,112010,0,16.6,13.5
2020-04-12,102469,0,17.4,13.6
2020-04-13,105308,0,14.1,13.6
2020-04-14,143089,1,7.0,13.7
2020-04-15,150715,1,11.2,13.7
2020-04-16,148527,1,15.7,13.8
2020-04-17,146109,1,17.8,13.8
2020-04-18,120408,0,18.2,13.9
2020-04-19,111003,0,16.4,14.0
2020-04-20,154405,1,12.4,14.0
2020-04-21,164071,1,12.9,14.1
2020-04-22,158484,1,13.8,14.1
2020-04-23,155204,1,15.4,14.2
2020-04-24,150015,1,16.8,14.2
2020-04-25,122980,0,16.3,14.3
2020-04-26,113442,0,15.6,14.4
2020-04-27,153743,1,17.2,14.4
2020-04-28,161485,1,14.1,14.4
2020-04-29,159557,1,12.7,14.5
2020-04-30,155056,1,11.2,14.6
2020-05-01,116289,0,11.2,14.6
2020-05-02,121121,0,10.8,14.7
2020-05-03,114397,0,12.7,14.7
2020-05-04,160321,1,14.5,14.8
2020-05-05,168110,1,13.1,14.8
2020-05-06,164654,1,13.3,14.9
2020-05-07,161891,1,16.2,14.9
2020-05-08,155922,1,18.5,15.0
2020-05-09,128250,0,18.5,15.0
2020-05-10,116342,0,19.2,15.1
2020-05-11,166222,1,7.6,15.1
2020-05-12,166294,1,8.9,15.2
2020-05-13,170440,1,10.2,15.2
2020-05-14,166832,1,9.4,15.2
2020-05-15,158220,1,11.0,15.3
2020-05-16,126831,0,14.1,15.3
2020-05-17,113462,0,16.4,15.4
2020-05-18,154750,1,18.1,15.4
2020-05-19,159927,1,19.0,15.5
2020-05-20,156553,1,18.3,15.5
2020-05-21,116914,0,19.1,15.5
2020-05-22,131342,1,20.7,15.6
2020-05-23,126159,0,13.0,15.6
2020-05-24,115041,0,13.9,15.6
2020-05-25,157617,1,15.4,15.7
2020-05-26,163709,1,15.8,15.7
2020-05-27,162175,1,17.3,15.8
2020-05-28,159262,1,16.5,15.8
2020-05-29,151948,1,15.1,15.8
2020-05-30,122934,0,14.8,15.8
2020-05-31,104511,0,15.0,15.9
2020-06-01,106687,0,18.0,15.9
2020-06-02,156183,1,19.7,15.9
2020-06-03,166249,1,21.1,16.0
2020-06-04,165410,1,16.6,16.0
2020-06-05,159396,1,12.8,16.0
2020-06-06,128796,0,13.7,16.0
2020-06-07,114389,0,13.8,16.0
2020-06-08,152213,1,16.0,16.0
2020-06-09,161691,1,14.9,16.1
2020-06-10,159062,1,12.9,16.1
2020-06-11,117631,0,15.5,16.1
2020-06-12,129356,1,21.3,16.1
2020-06-13,119934,0,19.6,16.1
2020-06-14,116570,0,17.2,16.2
2020-06-15,161846,1,15.6,16.2
2020-06-16,169151,1,18.9,16.2
2020-06-17,169810,1,17.2,16.2
2020-06-18,163574,1,17.5,16.2
2020-06-19,158571,1,18.1,16.2
2020-06-20,124579,0,19.1,16.2
2020-06-21,112250,0,20.3,16.2
2020-06-22,161058,1,20.2,16.2
2020-06-23,168669,1,21.8,16.2
2020-06-24,168443,1,21.7,16.2
2020-06-25,165944,1,21.6,16.2
2020-06-26,162973,1,23.6,16.1
2020-06-27,129441,0,23.4,16.1
2020-06-28,117432,0,21.1,16.1
2020-06-29,160567,1,18.4,16.1
2020-06-30,165579,1,18.6,16.1
2020-07-01,170360,1,23.4,16.1
2020-07-02,169094,1,20.2,16.1
2020-07-03,158354,1,19.0,16.0
2020-07-04,126990,0,20.2,16.0
2020-07-05,117977,0,20.3,16.0
2020-07-06,163485,1,17.1,16.0
2020-07-07,165623,1,17.8,16.0
2020-07-08,168499,1,19.7,15.9
2020-07-09,167857,1,21.9,15.9
2020-07-10,162268,1,21.6,15.9
2020-07-11,127202,0,18.2,15.9
2020-07-12,114641,0,19.4,15.8
2020-07-13,162529,1,19.7,15.8
2020-07-14,170907,1,20.5,15.8
2020-07-15,170748,1,17.0,15.8
2020-07-16,169680,1,16.3,15.7
2020-07-17,161848,1,18.2,15.7
2020-07-18,127810,0,20.4,15.6
2020-07-19,116963,0,22.2,15.6
2020-07-20,167718,1,22.0,15.6
2020-07-21,174208,1,21.2,15.5
2020-07-22,174471,1,21.1,15.5
2020-07-23,171629,1,21.5,15.4
2020-07-24,165242,1,20.5,15.4
2020-07-25,132816,0,22.0,15.4
2020-07-26,121209,0,21.1,15.3
2020-07-27,168351,1,23.4,15.3
2020-07-28,179350,1,24.0,15.2
2020-07-29,173761,1,21.1,15.2
2020-07-30,172040,1,22.9,15.2
2020-07-31,166932,1,27.8,15.1
2020-08-01,136445,0,27.2,15.1
2020-08-02,121168,0,20.4,15.0
2020-08-03,159322,1,16.9,15.0
2020-08-04,161080,1,17.7,14.9
2020-08-05,161047,1,19.6,14.9
2020-08-06,161450,1,22.1,14.8
2020-08-07,160976,1,24.2,14.8
2020-08-08,132212,0,26.2,14.7
2020-08-09,120328,0,27.0,14.7
2020-08-10,161184,1,26.4,14.6
2020-08-11,167873,1,26.4,14.6
2020-08-12,169118,1,27.8,14.5
2020-08-13,165390,1,24.8,14.5
2020-08-14,159775,1,22.7,14.4
2020-08-15,126373,0,23.5,14.4
2020-08-16,115542,0,25.6,14.3
2020-08-17,153868,1,20.2,14.2
2020-08-18,156443,1,20.8,14.2
2020-08-19,156131,1,22.1,14.1
2020-08-20,161028,1,27.2,14.1
2020-08-21,159418,1,27.4,14.0
2020-08-22,127897,0,22.4,14.0
2020-08-23,112054,0,19.2,13.9
2020-08-24,152943,1,17.9,13.8
2020-08-25,159413,1,20.0,13.8
2020-08-26,164900,1,19.2,13.8
2020-08-27,160308,1,18.6,13.7
2020-08-28,158355,1,18.2,13.6
2020-08-29,124430,0,15.2,13.6
2020-08-30,112780,0,14.6,13.5
2020-08-31,157753,1,15.8,13.5
2020-09-01,167083,1,15.2,13.4
2020-09-02,165931,1,16.4,13.4
2020-09-03,164280,1,17.8,13.3
2020-09-04,162783,1,21.5,13.2
2020-09-05,130578,0,19.6,13.2
2020-09-06,118129,0,15.7,13.1
2020-09-07,162407,1,16.4,13.0
2020-09-08,169195,1,19.4,13.0
2020-09-09,170605,1,21.6,12.9
2020-09-10,171325,1,19.1,12.9
2020-09-11,167430,1,19.3,12.8
2020-09-12,133979,0,21.5,12.8
2020-09-13,119422,0,23.3,12.7
2020-09-14,168184,1,22.1,12.6
2020-09-15,175722,1,25.2,12.6
2020-09-16,176451,1,23.4,12.5
2020-09-17,174863,1,21.2,12.5
2020-09-18,168787,1,17.6,12.4
2020-09-19,133679,0,18.0,12.4
2020-09-20,119570,0,18.2,12.3
2020-09-21,168049,1,19.7,12.2
2020-09-22,175789,1,20.6,12.2
2020-09-23,176254,1,18.9,12.1
2020-09-24,179694,1,18.0,12.0
2020-09-25,180664,1,9.9,12.0
2020-09-26,148318,0,7.3,11.9
2020-09-27,134514,0,8.8,11.9
2020-09-28,181462,1,11.4,11.8
2020-09-29,192281,1,10.9,11.8
2020-09-30,186541,1,15.0,11.7
2020-10-01,185629,1,14.4,11.6
2020-10-02,181244,1,14.1,11.6
2020-10-03,138721,0,11.0,11.5
2020-10-04,132555,0,12.4,11.5
2020-10-05,183334,1,11.3,11.4
2020-10-06,191596,1,11.4,11.4
2020-10-07,192214,1,10.5,11.3
2020-10-08,187613,1,11.4,11.2
2020-10-09,184463,1,13.8,11.2
2020-10-10,151257,0,10.2,11.1
2020-10-11,138352,0,7.8,11.1
2020-10-12,191217,1,8.3,11.0
2020-10-13,196752,1,8.5,10.9
2020-10-14,202225,1,7.2,10.9
2020-10-15,200862,1,7.4,10.8
2020-10-16,195983,1,8.8,10.8
2020-10-17,156403,0,8.4,10.7
2020-10-18,142175,0,8.5,10.7
2020-10-19,188880,1,9.6,10.6
2020-10-20,199271,1,11.6,10.5
2020-10-21,197239,1,14.2,10.5
2020-10-22,194274,1,14.6,10.4
2020-10-23,196333,1,13.3,10.4
2020-10-24,151325,0,12.2,10.3
2020-10-25,143758,0,13.1,10.3
2020-10-26,191413,1,9.4,10.2
2020-10-27,196942,1,8.6,10.1
2020-10-28,197563,1,10.7,10.1
2020-10-29,197566,1,10.5,10.0
2020-10-30,189028,1,12.6,10.0
2020-10-31,149250,0,13.3,9.9
2020-11-01,140211,0,12.4,9.9
2020-11-02,190430,1,16.3,9.8
2020-11-03,197560,1,10.7,9.8
2020-11-04,201756,1,7.6,9.7
2020-11-05,197884,1,7.7,9.7
2020-11-06,196168,1,8.0,9.6
2020-11-07,155732,0,10.7,9.6
2020-11-08,141637,0,9.7,9.5
2020-11-09,194095,1,10.9,9.5
2020-11-10,202508,1,10.6,9.4
2020-11-11,201645,1,10.5,9.4
2020-11-12,198524,1,10.0,9.3
2020-11-13,193523,1,9.8,9.3
2020-11-14,151092,0,11.9,9.2
2020-11-15,140016,0,11.4,9.2
2020-11-16,196284,1,8.6,9.1
2020-11-17,203489,1,8.0,9.1
2020-11-18,202428,1,9.8,9.0
2020-11-19,204432,1,8.9,9.0
2020-11-20,198294,1,4.9,9.0
2020-11-21,169368,0,3.9,8.9
2020-11-22,157198,0,4.6,8.9
2020-11-23,207460,1,5.3,8.8
2020-11-24,216124,1,5.5,8.8
2020-11-25,218578,1,6.7,8.8
2020-11-26,211627,1,6.0,8.7
2020-11-27,204701,1,6.2,8.7
2020-11-28,170658,0,4.5,8.7
2020-11-29,159483,0,2.1,8.6
2020-11-30,213306,1,1.8,8.6
2020-12-01,221616,1,2.6,8.6
2020-12-02,221467,1,1.7,8.5
2020-12-03,219032,1,0.5,8.5
2020-12-04,214748,1,2.8,8.5
2020-12-05,178284,0,2.7,8.5
2020-12-06,163940,0,3.0,8.4
2020-12-07,212048,1,2.6,8.4
2020-12-08,215660,1,1.0,8.4
2020-12-09,221820,1,1.6,8.4
2020-12-10,215915,1,0.8,8.4
2020-12-11,212749,1,0.9,8.3
2020-12-12,171890,0,3.8,8.3
2020-12-13,151916,0,4.4,8.3
2020-12-14,202750,1,3.8,8.3
2020-12-15,206473,1,6.4,8.3
2020-12-16,198525,1,7.0,8.3
2020-12-17,195009,1,6.8,8.3
2020-12-18,187036,1,6.0,8.3
2020-12-19,158562,0,6.0,8.3
2020-12-20,144567,0,6.2,8.3
2020-12-21,174725,1,6.1,8.3
2020-12-22,171748,1,11.1,8.3
2020-12-23,157523,1,10.7,8.3
2020-12-24,133643,1,6.6,8.3
2020-12-25,129471,0,1.4,8.3
2020-12-26,130925,0,0.7,8.3
2020-12-27,137464,0,0.5,8.3
2020-12-28,151492,1,1.3,8.3
2020-12-29,152711,1,1.7,8.3
2020-12-30,154993,1,1.6,8.3
2020-12-31,142753,1,1.1,8.4
2021-01-01,131423,0,1.5,8.4
2021-01-02,140812,0,0.6,8.4
2021-01-03,143167,0,0.0,8.4
2021-01-04,178006,1,0.4,8.4
2021-01-05,184918,1,0.8,8.4
2021-01-06,161034,0,0.5,8.5
2021-01-07,191174,1,-0.8,8.5
2021-01-08,196043,1,-1.3,8.5
2021-01-09,168608,0,-1.6,8.6
2021-01-10,155158,0,-2.4,8.6
2021-01-11,211199,1,-3.2,8.6
2021-01-12,221813,1,1.7,8.6
2021-01-13,217226,1,0.3,8.7
2021-01-14,215349,1,0.3,8.7
2021-01-15,211312,1,-2.5,8.7
2021-01-16,176657,0,-3.4,8.8
2021-01-17,164047,0,0.4,8.8
2021-01-18,212066,1,-0.1,8.8
2021-01-19,219864,1,1.2,8.9
2021-01-20,216292,1,2.6,8.9
2021-01-21,209516,1,4.3,9.0
2021-01-22,201172,1,5.2,9.0
2021-01-23,169779,0,2.6,9.1
2021-01-24,156984,0,0.1,9.1
2021-01-25,210762,1,0.1,9.1
2021-01-26,216580,1,-1.0,9.2
2021-01-27,217311,1,-0.4,9.2
2021-01-28,208498,1,4.5,9.3
2021-01-29,199412,1,7.0,9.3
2021-01-30,165215,0,4.6,9.4
2021-01-31,153088,0,2.1,9.4
2021-02-01,202833,1,4.9,9.5
2021-02-02,205271,1,6.4,9.5
2021-02-03,203756,1,8.9,9.6
2021-02-04,201186,1,6.6,9.6
2021-02-05,196824,1,7.6,9.7
2021-02-06,161927,0,7.8,9.7
2021-02-07,150900,0,6.3,9.8
2021-02-08,208180,1,1.8,9.8
2021-02-09,219166,1,-1.0,9.9
2021-02-10,222193,1,-4.4,9.9
2021-02-11,222761,1,-6.3,10.0
2021-02-12,218654,1,-6.8,10.1
2021-02-13,183653,0,-6.8,10.1
2021-02-14,164960,0,-3.3,10.2
2021-02-15,213699,1,-0.9,10.2
2021-02-16,207042,1,4.4,10.3
2021-02-17,205745,1,5.9,10.3
2021-02-18,202674,1,5.4,10.4
2021-02-19,194449,1,8.7,10.5
2021-02-20,154250,0,11.0,10.5
2021-02-21,139916,0,10.9,10.6
2021-02-22,191371,1,9.7,10.6
2021-02-23,192882,1,10.6,10.7
2021-02-24,191329,1,13.9,10.7
2021-02-25,189095,1,14.2,10.8
2021-02-26,187404,1,10.5,10.9
2021-02-27,151802,0,6.3,10.9
2021-02-28,140891,0,6.7,11.0
2021-03-01,188650,1,7.4,11.0
2021-03-02,192149,1,10.1,11.1
2021-03-03,196654,1,10.7,11.2
2021-03-04,190743,1,8.4,11.2
2021-03-05,196358,1,3.8,11.3
2021-03-06,161668,0,3.9,11.3
2021-03-07,149223,0,5.5,11.4
2021-03-08,198265,1,4.5,11.4
2021-03-09,205881,1,4.4,11.5
2021-03-10,200384,1,4.8,11.6
2021-03-11,201482,1,8.9,11.6
2021-03-12,194975,1,6.4,11.7
2021-03-13,163833,0,6.9,11.8
2021-03-14,147986,0,3.4,11.8
2021-03-15,196609,1,3.5,11.9
2021-03-16,201816,1,3.5,11.9
2021-03-17,199780,1,3.2,12.0
2021-03-18,199230,1,2.6,12.0
2021-03-19,196588,1,2.8,12.1
2021-03-20,161929,0,0.3,12.2
2021-03-21,152525,0,3.0,12.2
2021-03-22,201437,1,3.1,12.3
2021-03-23,204880,1,5.6,12.4
2021-03-24,197672,1,9.2,12.4
2021-03-25,193397,1,9.7,12.5
2021-03-26,185453,1,10.0,12.5
2021-03-27,152465,0,8.8,12.6
2021-03-28,131824,0,12.6,12.6
2021-03-29,183147,1,13.3,12.7
2021-03-30,184709,1,14.7,12.8
2021-03-31,181604,1,16.4,12.8
2021-04-01,175125,1,17.2,12.9
2021-04-02,130015,0,10.0,13.0
2021-04-03,133528,0,6.3,13.0
2021-04-04,119636,0,9.0,13.1
2021-04-05,130802,0,7.4,13.1
2021-04-06,188357,1,0.6,13.2
2021-04-07,199550,1,0.7,13.2
2021-04-08,195562,1,3.9,13.3
2021-04-09,189779,1,8.6,13.4
2021-04-10,151553,0,11.5,13.4
2021-04-11,141812,0,13.9,13.5
2021-04-12,195595,1,3.0,13.5
2021-04-13,202048,1,4.3,13.6
2021-04-14,204067,1,5.3,13.6
2021-04-15,200061,1,5.4,13.7
2021-04-16,197584,1,4.6,13.8
2021-04-17,161575,0,5.9,13.8
2021-04-18,148241,0,7.0,13.9
2021-04-19,198131,1,7.9,13.9
2021-04-20,198781,1,10.2,14.0
2021-04-21,193487,1,12.1,14.0
2021-04-22,189453,1,7.9,14.1
2021-04-23,185110,1,10.5,14.2
2021-04-24,146840,0,12.4,14.2
2021-04-25,132381,0,12.5,14.3
2021-04-26,181556,1,11.1,14.3
2021-04-27,188308,1,8.5,14.4
2021-04-28,191559,1,13.1,14.4
2021-04-29,188774,1,12.1,14.5
2021-04-30,187652,1,8.9,14.6
2021-05-01,134964,0,12.4,14.6
2021-05-02,132987,0,8.0,14.6
2021-05-03,184986,1,9.5,14.7
2021-05-04,194400,1,8.6,14.8
2021-05-05,191998,1,7.6,14.8
2021-05-06,197281,1,8.6,14.8
2021-05-07,187396,1,7.8,14.9
2021-05-08,146926,0,12.0,15.0
2021-05-09,130745,0,19.2,15.0
2021-05-10,181432,1,16.0,15.0
2021-05-11,191168,1,12.4,15.1
2021-05-12,184286,1,9.1,15.1
2021-05-13,136476,0,9.8,15.2
2021-05-14,150949,1,12.1,15.2
2021-05-15,137400,0,10.0,15.3
2021-05-16,130168,0,11.0,15.3
2021-05-17,178814,1,9.6,15.4
2021-05-18,185590,1,8.2,15.4
2021-05-19,186420,1,10.4,15.4
2021-05-20,184356,1,11.3,15.5
2021-05-21,182030,1,11.0,15.5
2021-05-22,140221,0,11.7,15.6
2021-05-23,119942,0,11.9,15.6
2021-05-24,125709,0,11.6,15.6
2021-05-25,173693,1,10.2,15.7
2021-05-26,183795,1,10.2,15.7
2021-05-27,181862,1,12.8,15.8
2021-05-28,175524,1,13.1,15.8
2021-05-29,138663,0,14.9,15.8
2021-05-30,123736,0,15.6,15.8
2021-05-31,172255,1,15.5,15.9
2021-06-01,177621,1,17.9,15.9
2021-06-02,175455,1,18.3,15.9
2021-06-03,140797,0,19.9,16.0
2021-06-04,157555,1,18.3,16.0
2021-06-05,140725,0,18.2,16.0
2021-06-06,131634,0,16.8,16.0
2021-06-07,185772,1,14.7,16.0
2021-06-08,189768,1,17.0,16.0
2021-06-09,190471,1,18.6,16.1
2021-06-10,188816,1,20.6,16.1
2021-06-11,183969,1,21.2,16.1
2021-06-12,145650,0,20.7,16.1
2021-06-13,129370,0,18.7,16.1
2021-06-14,183096,1,21.5,16.2
2021-06-15,192604,1,23.0,16.2
2021-06-16,195981,1,23.8,16.2
2021-06-17,195340,1,25.9,16.2
2021-06-18,194587,1,26.2,16.2
2021-06-19,155021,0,25.1,16.2
2021-06-20,138551,0,22.2,16.2
2021-06-21,185769,1,21.3,16.2
2021-06-22,190220,1,19.1,16.2
2021-06-23,193029,1,20.3,16.2
2021-06-24,188629,1,18.2,16.2
2021-06-25,184801,1,17.0,16.2
2021-06-26,144769,0,20.2,16.2
2021-06-27,131692,0,22.9,16.1
2021-06-28,188309,1,24.4,16.1
2021-06-29,190641,1,18.0,16.1
2021-06-30,187699,1,16.5,16.1
2021-07-01,185196,1,15.3,16.1
2021-07-02,179197,1,16.4,16.1
2021-07-03,144590,0,20.2,16.1
2021-07-04,131980,0,19.7,16.0
2021-07-05,183363,1,18.1,16.0
2021-07-06,189976,1,21.7,16.0
2021-07-07,186688,1,16.5,16.0
2021-07-08,188492,1,17.5,16.0
2021-07-09,181727,1,18.9,15.9
2021-07-10,147334,0,20.9,15.9
2021-07-11,132840,0,20.2,15.9
2021-07-12,184734,1,23.5,15.8
2021-07-13,193347,1,14.8,15.8
2021-07-14,189950,1,13.3,15.8
2021-07-15,189698,1,14.8,15.8
2021-07-16,183186,1,17.8,15.7
2021-07-17,143856,0,19.8,15.7
2021-07-18,127268,0,20.9,15.7
2021-07-19,178945,1,20.4,15.6
2021-07-20,183878,1,20.1,15.6
2021-07-21,185562,1,21.1,15.5
2021-07-22,186822,1,22.1,15.5
2021-07-23,182585,1,23.4,15.5
2021-07-24,148231,0,23.9,15.4
2021-07-25,132931,0,22.1,15.4
2021-07-26,182907,1,21.3,15.4
2021-07-27,187647,1,19.8,15.3
2021-07-28,184550,1,19.0,15.2
2021-07-29,180267,1,21.0,15.2
2021-07-30,176930,1,21.3,15.2
2021-07-31,142842,0,19.7,15.1
2021-08-01,128451,0,16.4,15.1
2021-08-02,169754,1,18.2,15.0
2021-08-03,174071,1,16.9,15.0
2021-08-04,171961,1,15.2,14.9
2021-08-05,169184,1,17.5,14.9
2021-08-06,167371,1,18.2,14.8
2021-08-07,135425,0,17.8,14.8
2021-08-08,119860,0,16.5,14.7
2021-08-09,157928,1,18.6,14.7
2021-08-10,162894,1,20.7,14.6
2021-08-11,165211,1,22.0,14.6
2021-08-12,166114,1,24.3,14.5
2021-08-13,166279,1,25.6,14.5
2021-08-14,139298,0,24.7,14.4
2021-08-15,128672,0,24.6,14.4
2021-08-16,166451,1,18.6,14.3
2021-08-17,164512,1,16.2,14.3
2021-08-18,166299,1,16.8,14.2
2021-08-19,168886,1,18.3,14.2
2021-08-20,164679,1,20.5,14.1
2021-08-21,137287,0,22.8,14.0
2021-08-22,124606,0,19.7,14.0
2021-08-23,168460,1,16.0,13.9
2021-08-24,176630,1,15.4,13.9
2021-08-25,175628,1,17.6,13.8
2021-08-26,176419,1,15.3,13.8
2021-08-27,174359,1,13.7,13.7
2021-08-28,140483,0,12.6,13.6
2021-08-29,130834,0,12.0,13.6
2021-08-30,179559,1,13.6,13.5
2021-08-31,187846,1,16.2,13.5
2021-09-01,185241,1,17.8,13.4
2021-09-02,182603,1,18.5,13.4
2021-09-03,180077,1,19.2,13.3
2021-09-04,143462,0,20.0,13.2
2021-09-05,130446,0,20.1,13.2
2021-09-06,184250,1,20.6,13.1
2021-09-07,189329,1,20.5,13.1
2021-09-08,192252,1,20.9,13.0
2021-09-09,192673,1,22.0,12.9
2021-09-10,189053,1,20.2,12.9
2021-09-11,155616,0,18.9,12.8
2021-09-12,136085,0,19.2,12.8
2021-09-13,189184,1,19.8,12.7
2021-09-14,197361,1,19.6,12.6
2021-09-15,200588,1,19.2,12.6
2021-09-16,197825,1,16.3,12.6
2021-09-17,189112,1,17.3,12.5
2021-09-18,154048,0,16.8,12.4
2021-09-19,137961,0,15.6,12.4
2021-09-20,187846,1,13.4,12.3
2021-09-21,194196,1,14.5,12.2
2021-09-22,192614,1,13.7,12.2
2021-09-23,188819,1,16.2,12.1
2021-09-24,189804,1,17.2,12.1
2021-09-25,156532,0,17.7,12.0
2021-09-26,142829,0,19.7,12.0
2021-09-27,192949,1,16.7,11.9
2021-09-28,195825,1,16.6,11.8
2021-09-29,196193,1,14.2,11.8
2021-09-30,192831,1,10.3,11.7
2021-10-01,187968,1,13.5,11.7
2021-10-02,150077,0,16.6,11.6
2021-10-03,137145,0,16.3,11.5
2021-10-04,194783,1,10.2,11.5
2021-10-05,201402,1,12.6,11.4
2021-10-06,198822,1,10.0,11.4
2021-10-07,202666,1,10.9,11.3
2021-10-08,199015,1,11.6,11.3
2021-10-09,153478,0,12.0,11.2
2021-10-10,143483,0,9.1,11.1
2021-10-11,200150,1,9.2,11.1
2021-10-12,208537,1,8.7,11.0
2021-10-13,207542,1,7.8,11.0
2021-10-14,203721,1,9.4,10.9
2021-10-15,196865,1,10.6,10.8
2021-10-16,162599,0,10.3,10.8
2021-10-17,153019,0,10.3,10.7
2021-10-18,200378,1,12.8,10.7
2021-10-19,204172,1,11.2,10.6
2021-10-20,201377,1,15.4,10.6
2021-10-21,197765,1,13.2,10.5
2021-10-22,195276,1,6.5,10.5
2021-10-23,160107,0,8.0,10.4
2021-10-24,148267,0,9.2,10.3
2021-10-25,198711,1,11.1,10.3
2021-10-26,204786,1,10.1,10.2
2021-10-27,201747,1,11.2,10.2
2021-10-28,201733,1,12.2,10.1
2021-10-29,196760,1,10.7,10.1
2021-10-30,162514,0,10.7,10.0
2021-10-31,146896,0,13.2,9.9
2021-11-01,148336,0,10.2,9.9
2021-11-02,195771,1,8.0,9.8
2021-11-03,204249,1,7.4,9.8
2021-11-04,207026,1,6.2,9.7
2021-11-05,202580,1,5.9,9.7
2021-11-06,168958,0,6.5,9.6
2021-11-07,156338,0,6.6,9.6
2021-11-08,202170,1,6.6,9.5
2021-11-09,210845,1,7.0,9.5
2021-11-10,212472,1,6.2,9.4
2021-11-11,211963,1,7.6,9.4
2021-11-12,209475,1,7.6,9.3
2021-11-13,173481,0,8.0,9.3
2021-11-14,156394,0,8.0,9.2
2021-11-15,207315,1,7.3,9.2
2021-11-16,215945,1,7.4,9.1
2021-11-17,220370,1,7.7,9.1
2021-11-18,216200,1,6.9,9.1
2021-11-19,207575,1,7.6,9.0
2021-11-20,168973,0,9.0,9.0
2021-11-21,161508,0,6.5,8.9
2021-11-22,212596,1,4.6,8.9
2021-11-23,219421,1,3.2,8.9
2021-11-24,221918,1,3.0,8.8
2021-11-25,223683,1,2.4,8.8
2021-11-26,218319,1,1.6,8.7
2021-11-27,183181,0,1.4,8.7
2021-11-28,171218,0,1.4,8.7
2021-11-29,220578,1,0.3,8.6
2021-11-30,231130,1,1.4,8.6
2021-12-01,225941,1,5.0,8.6
2021-12-02,225257,1,2.7,8.6
2021-12-03,212041,1,0.0,8.5
2021-12-04,176028,0,4.9,8.5
2021-12-05,160239,0,2.5,8.5
2021-12-06,213304,1,1.2,8.4
2021-12-07,218972,1,2.2,8.4
2021-12-08,218638,1,2.1,8.4
2021-12-09,216438,1,0.9,8.4
2021-12-10,215277,1,-0.5,8.4
2021-12-11,180138,0,1.6,8.3
2021-12-12,161895,0,1.0,8.3
2021-12-13,209462,1,3.8,8.3
2021-12-14,211988,1,4.3,8.3
2021-12-15,213038,1,4.8,8.3
2021-12-16,211657,1,4.1,8.3
2021-12-17,200994,1,4.3,8.3
2021-12-18,167096,0,4.2,8.3
2021-12-19,161782,0,3.9,8.3
2021-12-20,202954,1,3.2,8.3
2021-12-21,208005,1,0.0,8.3
2021-12-22,203472,1,-1.4,8.3
2021-12-23,188233,1,0.5,8.3
2021-12-24,150890,1,4.7,8.3
2021-12-25,137604,0,5.6,8.3
2021-12-26,138335,0,5.5,8.3
2021-12-27,153489,1,5.7,8.3
2021-12-28,155182,1,8.2,8.3
2021-12-29,153611,1,8.7,8.3
2021-12-30,148126,1,11.3,8.3
2021-12-31,137327,1,10.7,8.3
